id,price
1,56288.82
2,51805.005666666664
3,22584.38
4,2817.95
5,5124.8955000000005
6,6041.32
7,6249.3225
8,13268.736
9,5341.503333333334
10,20611.09
11,5210.39
12,5213.77
13,4217.548666666667
14,60227.84449999999
15,42260.29
16,54982.92
17,50961.5
18,4824.518
19,57263.48
20,6518.781904761905
21,6845.81
22,61025.98
23,51779.8775
24,5754.087333333334
25,4857.585
26,2608.3858333333333
27,8389.668
28,5467.97
29,2901.866666666667
30,6392.991666666668
31,10249.29
32,58144.37602380953
33,46597.5
34,56965.14616666667
35,11695.305
36,5241.46
37,6775.705
38,51998.2525
39,5846.691333333334
40,2810.440428571428
41,7360.74
42,63869.07933333333
43,6118.613333333333
44,3796.18
45,11528.99
46,3510.675
47,4261.8475
48,11085.123333333335
49,57159.57
50,6632.025
51,5433.47
52,3761.49
53,5305.375
54,6342.004
55,7463.01
56,2553.49
57,4785.495
58,52530.75033333333
59,3685.7577380952384
60,56939.81
61,12722.14
62,54363.65333333334
63,6350.779
64,11423.23
65,53632.33
66,61916.515
67,47248.68
68,12577.5325
69,43523.51
70,47094.94
71,5561.876
72,5184.89
73,11383.081666666665
74,7480.022500000001
75,11557.788761904763
76,5932.447333333333
77,5205.036666666666
78,2694.64
79,60670.02333333333
80,10618.9475
81,5190.37
82,5357.969642857142
83,6397.616619047619
84,5222.463166666666
85,26013.307999999997
86,51977.715
87,5251.47
88,13204.601999999999
89,49640.51766666667
90,5526.185
91,5958.163333333333
92,55279.6325
93,51957.2561111111
94,76669.33666666667
95,53407.26
96,4258.458333333333
97,5086.481666666667
98,14367.51
99,5006.6325
100,57586.19
101,6113.443333333334
102,7954.226666666667
103,7157.855500000001
104,3914.76
105,8657.2125
106,7888.888571428572
107,51447.48
108,34818.78
109,61389.858928571426
110,2406.6721666666663
111,53890.61
112,55607.03
113,9649.68
114,4217.995
115,6658.325
116,4508.24
117,7677.1725
118,3019.867738095237
119,6538.13
120,10438.16
121,57611.724500000004
122,16580.320666666667
123,6388.76
124,53011.82
125,5151.41
126,5066.548333333333
127,6252.536333333334
128,11184.276666666667
129,68679.57
130,3000.385
131,4730.54
132,57016.6525
133,6442.63
134,6097.33
135,2891.3838333333338
136,48504.11
137,4645.6033333333335
138,6953.02
139,4012.5025
140,6582.18
141,4243.760476190476
142,50517.0825
143,7623.5
144,1698.75
145,46427.69
146,2616.1725
147,5342.28
148,10830.22
149,5356.66
150,5925.381785714287
151,8770.891000000001
152,54861.34083333334
153,7372.7275
154,7569.68
155,54931.9335
156,5870.218000000001
157,6383.536
158,4533.15
159,5694.725
160,5339.08
161,46871.37333333334
162,5142.254166666667
163,64878.11333333334
164,7328.296666666666
165,49631.69
166,33719.13133333334
167,53491.64
168,6391.9554285714285
169,14366.69
170,48803.98916666666
171,1903.55
172,7805.61
173,55529.7
174,59355.00116666667
175,5133.6325
176,65205.71
177,2995.171666666667
178,3198.66
179,5317.98
180,61523.38023809523
181,28965.49
182,7186.26
183,11156.2
184,5532.94
185,34437.99333333333
186,7341.466190476191
187,9117.49
188,57623.244333333336
189,24174.24
190,4131.98
191,53188.67
192,2449.675
193,63038.94166666667
194,4276.828333333333
195,3935.9473333333335
196,4616.08
197,4269.08
198,16048.25
199,11445.599500000002
200,58059.48
201,58566.01166666666
202,11359.2495
203,6219.26
204,7208.85
205,53102.75171428572
206,52410.866500000004
207,4407.985
208,48625.525
209,50507.82
210,8730.51
211,55671.17
212,53740.28599999999
213,4433.775595238095
214,5539.94
215,4974.25
216,48371.827000000005
217,6006.900333333335
218,28169.88088888889
219,6879.313571428572
220,3047.9
221,2381.8671904761904
222,4989.47
223,25127.033333333336
224,59395.33516666668
225,62720.15
226,11914.763333333332
227,5553.64
228,9142.31
229,6318.633333333332
230,49469.13
231,5252.695333333333
232,6488.8
233,13508.78
234,9864.974166666665
235,5710.9538571428575
236,6144.228333333333
237,3106.78
238,3988.22
239,4157.803857142857
240,11892.947523809526
241,68760.33
242,46507.1575
243,4110.06
244,55516.23833333333
245,10892.17
246,54508.97833333333
247,56854.87
248,6007.284000000001
249,5238.94
250,61175.06
251,8676.952500000001
252,6200.43
253,52396.63666666667
254,12355.962999999998
255,5155.33
256,59862.64
257,4061.2192142857148
258,2488.034333333333
259,5925.473333333333
260,41091.56
261,3248.5566666666664
262,4535.29
263,50869.54
264,4464.968333333334
265,5741.303333333332
266,1778.18
267,52856.56
268,47048.88
269,49300.52
270,8373.040151515153
271,5917.811333333333
272,6915.644833333333
273,56321.93
274,30908.78
275,2982.01
276,7725.391345238094
277,35302.41361904761
278,7180.75
279,28994.39
280,5920.59
281,54516.21
282,5324.08
283,6637.610416666667
284,5898.85
285,50507.77666666666
286,8715.911
287,64567.46633333333
288,6490.191666666667
289,56994.04
290,1752.46
291,1628.01
292,6496.04
293,8089.34
294,5037.7
295,4856.9
296,5167.69
297,46901.0
298,12650.54
299,6552.339833333334
300,5357.83
301,61547.85
302,3132.0009999999997
303,6165.383571428571
304,12321.46
305,51577.68
306,5989.25
307,50339.67
308,5797.579000000001
309,52506.69
310,9241.16
311,5402.9175
312,59601.47
313,4543.316
314,3508.275595238095
315,4878.963333333333
316,32242.791
317,6458.3994999999995
318,6204.47
319,12714.98
320,3463.779285714286
321,5376.87
322,53906.22
323,5995.978333333333
324,1771.9500000000003
325,5710.56
326,10095.18
327,4567.54
328,5546.314357142857
329,5684.75
330,6068.83
331,11973.2
332,4871.025166666666
333,65129.14
334,6761.3525
335,4796.65
336,12439.74
337,5187.736666666667
338,22674.88
339,14110.8
340,63914.06
341,58051.21461904762
342,53032.26
343,4450.724
344,5213.53
345,12678.25
346,60436.21095238095
347,2451.544166666666
348,3851.78
349,5621.96
350,12636.36316666667
351,5383.004
352,6240.348333333332
353,4966.02
354,3493.868500000001
355,5310.718333333334
356,53646.52
357,51103.699142857135
358,5711.55
359,4493.32
360,55490.575
361,58053.88333333333
362,6204.7729285714295
363,64035.155
364,2458.22
365,58014.812000000005
366,32344.475
367,4632.72
368,3042.0766666666664
369,5480.700833333333
370,6007.863333333334
371,5487.25
372,5225.22
373,6659.39
374,4314.618333333333
375,11152.143333333335
376,50209.9
377,5386.94
378,43793.54
379,6185.2716666666665
380,2250.40625
381,64023.60666666667
382,7869.212833333332
383,8075.86
384,5162.436833333334
385,7248.11
386,72718.59
387,55603.72833333334
388,6212.795
389,56368.53
390,67197.995
391,53113.85166666667
392,49493.208
393,6504.31
394,49100.71
395,61418.80333333334
396,49868.477999999996
397,60467.31
398,5433.535
399,4859.861666666667
400,3934.879166666666
401,9841.26
402,10200.96
403,8476.285
404,60528.51333333333
405,46389.99
406,5035.4783333333335
407,4856.46
408,67655.75
409,4438.660166666667
410,7183.444666666666
411,7464.520428571429
412,48065.91333333333
413,6734.486
414,6064.401666666667
415,5209.3116666666665
416,2851.7733333333335
417,24152.51
418,4851.5616666666665
419,54769.81
420,14112.38
421,4132.74
422,7016.1
423,5408.019222222222
424,53286.69
425,9844.18
426,4078.250833333333
427,3693.69
428,11363.554000000002
429,2103.7073333333333
430,4917.113
431,60387.225
432,5669.74
433,5199.0993333333345
434,63907.96473809524
435,2558.478833333333
436,4171.55
437,10580.63
438,15945.97
439,6237.31
440,55099.8
441,9137.53
442,58607.86
443,5699.78
444,4852.9355000000005
445,5194.265
446,45806.04
447,56555.44
448,7519.453261904762
449,4356.665
450,54514.675333333325
451,51398.52
452,51482.26
453,6043.43
454,5013.63
455,5662.925
456,2929.1257142857144
457,53188.67
458,52553.37
459,11266.96461111111
460,5620.956666666668
461,4448.403333333334
462,6104.380999999999
463,4453.08
464,6123.910833333333
465,3310.39
466,2114.5682857142865
467,6907.34
468,5094.307
469,6074.29
470,8853.29
471,10698.183333333334
472,11726.53
473,5979.153333333333
474,6043.28
475,4578.0633333333335
476,13826.895
477,8221.625833333332
478,5757.425
479,14095.58
480,28529.885
481,6945.870047619047
482,4806.6351904761905
483,3064.42
484,2467.63
485,9212.87
486,5186.970166666667
487,61770.325999999994
488,5323.46
489,49865.47
490,6201.68
491,54042.095
492,4657.8
493,46618.03
494,54238.166333333334
495,6384.78
496,52442.08
497,5032.98
498,4985.25
499,48139.53
500,52415.81083333333
501,3287.613214285714
502,5390.12
503,56219.82
504,54620.13866666667
505,46487.27766666667
506,7406.8
507,6074.64
508,31386.65
509,2700.4070833333335
510,64204.88
511,6022.98
512,5313.2733333333335
513,39114.36
514,9007.022666666666
515,75941.14
516,50767.11
517,2857.6058333333335
518,47368.33666666666
519,4493.417166666667
520,4694.079000000001
521,72457.95
522,45409.159499999994
523,4222.31
524,5907.72
525,8210.724999999999
526,5307.0725
527,4876.5233333333335
528,3558.24
529,5985.64
530,16852.314833333334
531,49215.3
532,4487.255
533,56011.244166666664
534,10040.05
535,13879.825
536,66857.96
537,48596.34083333334
538,5329.237666666666
539,7044.232
540,3258.77
541,4815.2
542,2447.065357142857
543,9618.245
544,53179.76
545,64284.84366666666
546,55511.186166666674
547,3704.879999999999
548,7400.97
549,59213.185333333335
550,4998.08
551,60077.17
552,5477.1925
553,5265.55
554,5061.7425
555,4607.583333333334
556,6244.122666666666
557,55622.48
558,49326.09550000001
559,5470.635
560,53168.27
561,49342.4425
562,4406.733333333334
563,5702.67
564,3952.6369166666664
565,4685.069166666667
566,47554.87
567,13207.77
568,9550.58
569,7806.4
570,5741.904
571,4824.5
572,15596.75
573,7888.888571428572
574,2109.6766666666667
575,50483.0175
576,5878.91
577,47774.79
578,3988.21
579,55263.765
580,61025.50833333333
581,48225.11
582,4962.245
583,2402.4083333333333
584,2687.3804999999998
585,5579.206666666668
586,64034.38666666666
587,10974.950333333334
588,59180.81333333333
589,3931.663333333333
590,3875.017666666667
591,6913.73
592,51614.54150000001
593,56116.164000000004
594,5563.61
595,12898.23
596,50361.55383333333
597,5413.946666666668
598,2827.1023333333333
599,9626.5775
600,51474.09833333334
601,6026.37
602,5290.88
603,3435.688
604,6500.135
605,53698.76666666666
606,5591.1359999999995
607,55545.45
608,26013.307999999997
609,3439.45
610,5843.56
611,55852.4
612,4767.02
613,57382.65
614,6613.351333333334
615,5496.77
616,4922.371666666667
617,5244.21
618,15099.57
619,58489.89166666666
620,53238.26
621,55891.63833333333
622,4422.903333333333
623,5567.703333333333
624,10108.992
625,2955.9049999999993
626,5356.19
627,48056.12
628,53489.49066666667
629,5246.74
630,44574.73333333334
631,7048.7125
632,53646.52
633,5597.95
634,5189.041666666667
635,3740.8633333333337
636,3298.28
637,6430.17
638,60420.7
639,2862.09
640,59518.253249999994
641,49765.29
642,8375.92
643,4786.86
644,6255.422833333333
645,2810.440428571428
646,59972.872
647,66344.97333333333
648,2423.025
649,13513.603333333333
650,8323.772
651,49999.46166666667
652,4396.67
653,60320.64666666667
654,58543.42300000001
655,6813.44
656,6682.778999999999
657,4069.9
658,11294.116666666667
659,48589.82266666667
660,6097.33
661,6329.840833333333
662,4912.23
663,5341.09
664,11501.47
665,6295.55
666,5259.655333333333
667,10510.47
668,4352.59
669,4417.774
670,6525.7475
671,56064.27
672,14745.02
673,6212.563333333333
674,22387.3
675,63405.68233333333
676,57894.647619047624
677,36962.005
678,6472.29
679,11534.253333333334
680,8193.28
681,5730.635857142857
682,5041.19
683,7567.6907619047615
684,6600.293642857142
685,5979.3325
686,7374.02
687,8404.271666666666
688,3295.3416666666662
689,4423.009857142857
690,9926.69
691,5570.506166666666
692,47593.755
693,7560.174666666668
694,6371.64
695,4492.25
696,4235.93
697,5629.060833333333
698,2506.985119047619
699,10087.9
700,4407.16
701,60697.29508333334
702,3472.974523809524
703,3648.703333333333
704,5338.8625
705,67018.46
706,5615.9120952380945
707,52683.28
708,3515.96
709,3224.175
710,55263.43
711,12181.598333333335
712,53578.3
713,28601.493333333336
714,5282.8
715,63583.265095238115
716,5185.780166666666
717,6340.243714285714
718,12349.151833333333
719,34517.14
720,6383.57
721,60578.86
722,60003.2435
723,57054.735
724,8544.68
725,38268.95
726,51369.57
727,5196.798666666667
728,3898.04
729,5634.09
730,80013.62
731,28874.321666666667
732,5829.697380952381
733,5201.055
734,3219.0193333333336
735,52827.1
736,7075.31
737,2944.994285714286
738,6167.72
739,54326.99583333333
740,61073.56516666666
741,51618.624
742,61175.99
743,5766.24
744,57094.09409523809
745,10476.72
746,5412.98
747,65565.66
748,8459.600166666667
749,46470.45
750,49233.5475
751,5525.361666666668
752,4667.255999999999
753,7019.346571428571
754,3520.861
755,5879.151666666668
756,62256.24000000001
757,51418.74983333334
758,7923.065
759,51683.31
760,3451.916666666667
761,7463.335
762,3715.57
763,5450.462833333333
764,5991.411666666666
765,56641.022000000004
766,4928.274
767,50304.77
768,6372.4991666666665
769,6079.29
770,5697.675833333333
771,5136.12
772,59464.153
773,61424.36666666666
774,5384.095
775,6391.9554285714285
776,50008.001500000006
777,67006.08
778,11167.38
779,7390.41
780,2513.144
781,6532.993333333333
782,33404.57
783,7626.990500000001
784,22494.42
785,5015.33
786,9649.071666666667
787,13727.38
788,3969.893
789,56211.98733333333
790,19320.21
791,53219.54
792,34956.59
793,2390.32
794,28746.79
795,24033.663333333334
796,54582.095
797,4921.393333333333
798,6253.79
799,9450.538333333332
800,1668.721
801,15933.5
802,4680.65
803,3110.726333333333
804,50537.23
805,5235.247166666667
806,27363.398666666668
807,48457.53
808,12795.93
809,50561.85666666666
810,8571.59
811,51624.87
812,5674.02
813,5269.17
814,58922.66
815,6727.37
816,8151.29
817,5951.86
818,4298.430428571429
819,6370.187666666666
820,60240.90583333333
821,44344.84
822,8402.355666666668
823,21960.153142857147
824,52477.64
825,53842.91
826,3192.306666666667
827,57062.245
828,3002.6326666666664
829,54967.14
830,6838.17
831,11420.473333333335
832,4916.948
833,57108.005
834,55514.74509523809
835,5555.508642857142
836,4958.64
837,50583.448
838,13681.24
839,6148.7
840,11274.31
841,54807.77
842,59500.74
843,3446.46
844,24997.6
845,5820.74
846,58900.25
847,46507.78
848,7234.3353333333325
849,4825.246666666666
850,10953.31
851,6012.966833333334
852,8433.65
853,6237.017166666668
854,55569.09
855,19917.486666666664
856,6626.863333333334
857,54069.554000000004
858,5983.230333333333
859,5063.126666666666
860,7761.978666666666
861,5527.82
862,3450.46625
863,59873.58666666667
864,7534.415
865,2491.77
866,10963.923999999999
867,75280.18666666666
868,2208.46
869,4286.28
870,56537.62966666667
871,6091.463000000001
872,17445.69
873,46948.48
874,6189.36
875,54582.04633333333
876,6439.916666666666
877,4658.0306666666675
878,70349.47666666665
879,5261.518833333333
880,47874.86
881,4445.133333333333
882,4074.36
883,8214.58
884,4394.021
885,7984.22
886,7213.61
887,5313.676666666667
888,52932.26
889,49343.5525
890,2605.9676666666664
891,5579.855
892,2649.5679999999998
893,3260.599166666667
894,60194.9
895,8323.22
896,57212.57
897,5256.835
898,60335.43416666667
899,6265.0858333333335
900,3937.2724999999987
901,58359.45366666667
902,46338.21
903,10953.3
904,5131.058333333335
905,5722.785
906,12363.86
907,55631.15
908,57789.45666666667
909,4660.78
910,5771.2
911,5230.88
912,4894.11
913,57087.18
914,4594.760666666666
915,6062.9275
916,67992.9
917,4701.04
918,33936.91333333333
919,5061.252333333334
920,12087.788
921,53423.49133333333
922,11229.94
923,53319.96
924,4035.0
925,50456.724
926,5529.39
927,71412.83333333334
928,5554.345
929,27407.132
930,12685.76
931,10637.275
932,6042.5425
933,53292.05
934,4466.776666666667
935,5196.882333333333
936,3739.9390000000003
937,4220.42
938,40824.46
939,11617.903333333332
940,6226.49
941,5977.0425
942,53251.77
943,3896.4341666666664
944,5582.4
945,2416.227023809524
946,8686.835
947,70548.85916666668
948,3987.9883333333332
949,64837.06666666667
950,50844.47449999999
951,50319.05
952,55794.75
953,3282.2
954,10279.13
955,7279.1675
956,47823.475999999995
957,5104.696
958,8716.25
959,4143.5055
960,62950.48499999999
961,57637.83350000001
962,4971.214
963,12045.501166666667
964,5287.3533333333335
965,5435.16
966,4011.29
967,55000.02
968,6193.605000000001
969,5200.85
970,4281.465
971,6580.9
972,43387.04
973,4477.945
974,53921.67
975,57836.55
976,57209.63
977,5800.195785714285
978,70022.77
979,4765.06
980,6259.96
981,11864.185
982,59034.94
983,5702.802
984,5256.52
985,5630.33
986,5839.25
987,12360.703000000001
988,6045.22
989,3583.8614999999995
990,6507.440000000001
991,64341.74
992,60697.3275
993,6666.340333333334
994,45648.08583333333
995,16455.602333333332
996,5038.14
997,5915.599333333334
998,6050.307833333332
999,8419.01
1000,6240.43
1001,3556.784
1002,12685.501333333335
1003,50643.02
1004,7078.345833333334
1005,9806.49
1006,12876.83
1007,2790.2564047619044
1008,4436.711666666667
1009,18941.6325
1010,3105.022
1011,49432.24
1012,49246.39666666666
1013,5701.31
1014,56162.57
1015,75978.28
1016,56440.558
1017,57282.28666666666
1018,9397.5
1019,6961.5
1020,2072.706
1021,14928.56
1022,5263.98
1023,3962.985
1024,57261.28
1025,13911.03
1026,50719.55
1027,5025.073666666666
1028,54285.69583333334
1029,5365.77
1030,51626.19
1031,4996.29
1032,8579.03
1033,46165.1
1034,7535.49
1035,6057.22
1036,39148.03666666667
1037,3157.14
1038,49421.98
1039,3687.756166666667
1040,2318.3996666666667
1041,57643.17
1042,32860.18
1043,12964.985
1044,5482.855
1045,5449.7609999999995
1046,58822.46
1047,49872.53
1048,4346.62
1049,5369.8825
1050,2441.5233333333326
1051,3239.147000000001
1052,5452.056
1053,5519.72
1054,59530.00983333332
1055,3149.3175
1056,6480.96
1057,11438.685
1058,6782.2676666666675
1059,5261.79
1060,4143.5055
1061,53955.98
1062,47094.295
1063,6378.983333333333
1064,7465.103250000001
1065,11675.643333333335
1066,5150.96
1067,15811.175
1068,30867.345000000005
1069,54664.83
1070,1676.8642857142859
1071,4861.02
1072,52840.09
1073,59560.56
1074,17287.2
1075,10486.65
1076,4380.931666666666
1077,7507.835
1078,5262.21
1079,17829.4
1080,5560.4875
1081,57722.22416666666
1082,4465.016
1083,4765.627
1084,11229.339833333332
1085,2656.7019999999993
1086,7545.5
1087,6070.46
1088,4505.74
1089,12658.78
1090,6266.03
1091,5062.425
1092,12859.48
1093,6308.315
1094,6461.3
1095,13556.18
1096,64024.587999999996
1097,63405.68233333333
1098,5196.132500000001
1099,4880.331952380951
1100,61094.41833333333
1101,3142.047809523809
1102,13728.823333333336
1103,3432.34
1104,57106.47
1105,3058.798333333333
1106,6671.715999999999
1107,5415.203333333333
1108,7929.184801587304
1109,57573.16
1110,2486.035
1111,10414.14
1112,52027.59
1113,7093.78
1114,64853.087166666664
1115,12663.23
1116,4636.886666666666
1117,73662.36733333334
1118,55021.234285714294
1119,8263.356666666667
1120,3707.024500000001
1121,4701.958666666667
1122,2341.78
1123,6071.89
1124,6896.09
1125,54693.07
1126,7289.488666666667
1127,6110.4525
1128,60494.09
1129,4471.77
1130,6749.92
1131,8096.22
1132,7878.39
1133,80343.82400000001
1134,5702.34
1135,5552.688666666667
1136,5925.2119999999995
1137,5523.86
1138,29253.07666666667
1139,4985.28
1140,3219.0193333333336
1141,4999.05
1142,6360.733333333333
1143,3081.15
1144,6141.864761904762
1145,53254.707
1146,47626.1919047619
1147,12679.575
1148,42067.71166666666
1149,6620.044333333335
1150,2890.105
1151,7818.34
1152,13679.643214285714
1153,5196.882333333333
1154,10772.43
1155,15923.34
1156,6676.5575
1157,2429.077333333333
1158,47146.03
1159,6455.07
1160,2922.248
1161,4689.0625
1162,5564.1
1163,7174.633333333332
1164,61531.7
1165,5228.64
1166,48261.94
1167,7433.36
1168,4841.665
1169,12154.791190476191
1170,6328.953071428571
1171,5269.4130000000005
1172,47167.86
1173,2405.2209999999995
1174,6241.6291666666675
1175,2434.56
1176,3738.225
1177,2504.0975
1178,4839.663333333333
1179,13725.79
1180,4262.275
1181,4756.513999999999
1182,6676.076333333333
1183,47438.73
1184,57795.047666666665
1185,16806.02
1186,6148.81
1187,60901.23
1188,2675.5
1189,5723.605
1190,12003.23
1191,65827.75
1192,44779.905
1193,16902.46
1194,6080.71
1195,5866.68
1196,9570.7
1197,49240.3275
1198,11942.93
1199,5709.531999999999
1200,5982.555
1201,11475.603000000001
1202,23295.62
1203,5924.711000000001
1204,60434.45
1205,8481.375
1206,12844.9
1207,4272.21
1208,4110.75
1209,8064.43
1210,5227.6455
1211,53636.84649999999
1212,51155.75333333333
1213,3526.417
1214,6166.04
1215,6592.6075
1216,17189.99
1217,3302.295
1218,2825.62
1219,61955.6825
1220,31770.84
1221,59151.51
1222,4358.75
1223,4102.53
1224,50146.9
1225,58959.62
1226,5477.386666666667
1227,5161.515
1228,3880.94
1229,14358.8
1230,50519.268
1231,4494.491833333333
1232,4093.06
1233,5188.91
1234,6870.949333333334
1235,59336.94
1236,4035.983333333333
1237,50328.45716666666
1238,5294.796666666667
1239,6285.573333333334
1240,12431.93
1241,53828.56
1242,5468.13
1243,61536.66
1244,7093.18
1245,5336.52
1246,6247.58
1247,5702.22
1248,7201.078333333334
1249,5376.53
1250,4816.845571428572
1251,6874.655333333334
1252,59085.35666666667
1253,47594.26
1254,2537.520833333334
1255,2609.3800476190477
1256,51940.09333333334
1257,5985.143333333332
1258,4816.5525
1259,5637.23
1260,9253.04
1261,4843.8
1262,6840.250000000001
1263,11657.227345238096
1264,58099.685999999994
1265,2328.41
1266,28948.38666666667
1267,4308.06
1268,6877.35
1269,8704.42
1270,60318.53
1271,7977.42
1272,4829.4275
1273,17592.916666666668
1274,12219.335238095238
1275,5483.703333333334
1276,4804.831666666666
1277,61155.57
1278,11652.420523809526
1279,12543.92
1280,61639.27
1281,24070.89666666667
1282,58712.790714285715
1283,4452.06
1284,5340.746
1285,3177.5530000000003
1286,51954.66
1287,5969.686666666667
1288,62280.36
1289,5316.693904761905
1290,7971.251035714285
1291,5030.717000000001
1292,50245.55
1293,6547.007031746033
1294,12170.738333333333
1295,4604.336666666666
1296,54597.82
1297,3081.606666666667
1298,9261.68
1299,8916.8
1300,4763.51
1301,7505.380333333332
1302,48512.655
1303,2317.68
1304,6010.526000000001
1305,7691.031333333334
1306,4335.94
1307,5908.2733333333335
1308,7082.63
1309,45610.7
1310,82720.17166666666
1311,5310.718333333334
1312,11475.18
1313,48921.62
1314,56931.48
1315,8542.788
1316,13386.02
1317,5462.286666666666
1318,5566.34
1319,3635.46
1320,19263.146666666667
1321,4731.55
1322,9880.96
1323,2208.46
1324,5148.5005
1325,62309.454666666665
1326,2934.085
1327,4886.422666666666
1328,68523.11
1329,7428.79
1330,5326.6575
1331,5169.625
1332,11985.755500000001
1333,2526.828333333333
1334,14998.993333333336
1335,9825.85
1336,5173.326666666666
1337,38767.445999999996
1338,8436.388666666666
1339,4635.97
1340,7907.36
1341,9505.05261904762
1342,2371.3
1343,3105.4582857142855
1344,7314.92
1345,2463.8
1346,55717.045
1347,5293.973333333332
1348,56486.2895
1349,6985.3358333333335
1350,5547.647333333334
1351,10708.77
1352,10672.746666666666
1353,10125.061666666666
1354,5346.1375
1355,8348.84
1356,54592.71833333333
1357,28926.68
1358,11061.81
1359,4859.581333333333
1360,10285.86
1361,4697.62
1362,58121.11350000001
1363,6740.52
1364,7632.003333333332
1365,47915.7925
1366,71319.22666666667
1367,13230.68
1368,9495.99
1369,44562.2
1370,60105.04316666666
1371,4716.62
1372,20713.88066666666
1373,6396.16
1374,53214.8975
1375,5389.6775
1376,8929.48
1377,5035.3675
1378,7075.611666666667
1379,5344.0543333333335
1380,54388.89
1381,6424.319166666666
1382,55239.79499999999
1383,50253.74
1384,49016.539000000004
1385,12725.533333333335
1386,4764.191666666667
1387,2539.3081428571427
1388,8157.566999999999
1389,47386.9
1390,5956.92
1391,56755.04666666667
1392,2479.299166666666
1393,58036.04438095238
1394,64853.087166666664
1395,3164.61
1396,6648.155
1397,6378.373666666667
1398,51619.91666666666
1399,34101.956666666665
1400,54332.23
1401,12247.38
1402,54071.013333333336
1403,6651.97
1404,2246.0
1405,31961.27
1406,7827.98
1407,73380.75
1408,10899.92
1409,5778.58
1410,45549.69142857143
1411,11500.25
1412,5831.206
1413,47868.54666666666
1414,11634.27
1415,58326.79
1416,5375.8
1417,5720.12
1418,2471.96
1419,5597.919333333333
1420,4709.2275
1421,54478.52
1422,4683.23
1423,42148.54
1424,6514.28
1425,52294.36333333332
1426,4752.19
1427,7912.39
1428,54547.95916666666
1429,2488.68
1430,6167.72
1431,46765.21
1432,55377.77
1433,2549.8
1434,3782.32
1435,2734.775
1436,56284.647000000004
1437,5749.108
1438,28443.475333333332
1439,64057.08
1440,54367.575
1441,6183.25
1442,58331.66
1443,69050.87516666666
1444,5895.73
1445,57722.66654761904
1446,51406.56666666667
1447,8977.74
1448,47809.011999999995
1449,3189.4083333333338
1450,54615.56
1451,3681.2509999999997
1452,48550.12499999999
1453,4358.920666666666
1454,8321.912333333334
1455,4430.615
1456,43476.45
1457,48648.81
1458,7608.385
1459,4302.195
1460,3766.139714285714
1461,13956.67
1462,5542.733333333333
1463,47633.98
1464,2541.3446666666664
1465,3199.9671666666663
1466,2822.053214285714
1467,51207.13
1468,54096.578499999996
1469,52939.31
1470,4869.2
1471,15052.01
1472,10626.31
1473,4621.82
1474,49227.8795
1475,4206.41
1476,11111.661
1477,48916.21
1478,6025.175
1479,8344.509999999998
1480,13099.794500000002
1481,44006.89
1482,54769.64199999999
1483,6410.32
1484,5394.4440476190475
1485,6700.38
1486,10811.59
1487,6727.673333333332
1488,58274.245
1489,6666.340333333334
1490,8650.73
1491,6213.234666666668
1492,52438.38733333333
1493,61090.1725
1494,10324.41
1495,61133.0665
1496,61458.89
1497,3369.41
1498,7239.315
1499,6176.92
1500,5950.666666666666
1501,6885.64
1502,11505.8625
1503,3288.0221666666675
1504,10632.491833333333
1505,5307.04
1506,59099.75
1507,2457.3575
1508,68859.495
1509,58277.236666666664
1510,53719.3
1511,5162.247
1512,51377.89
1513,64340.3715
1514,4011.29
1515,41971.8825
1516,61414.67016666666
1517,4418.75
1518,4545.692333333334
1519,68829.99166666665
1520,6101.72
1521,4999.256666666667
1522,3145.57
1523,7003.971666666666
1524,44343.48
1525,9467.645
1526,12014.206833333334
1527,14961.15
1528,48105.61
1529,6516.035833333333
1530,6807.93
1531,41079.59
1532,4704.26
1533,44863.88
1534,5958.125
1535,11136.75
1536,46943.6
1537,11840.905833333332
1538,14364.339666666669
1539,4372.094
1540,5384.4
1541,4852.55
1542,61124.6925
1543,10362.23
1544,53605.22
1545,30910.051666666666
1546,50829.07
1547,26161.612
1548,10358.14
1549,4987.796666666666
1550,52203.6065
1551,5583.12
1552,5568.498000000001
1553,55223.835
1554,8965.49
1555,4665.798333333333
1556,5714.815
1557,5571.256666666666
1558,33460.62416666667
1559,14373.633666666667
1560,79499.15666666668
1561,6059.7975
1562,4491.89
1563,62273.32
1564,62038.77588095239
1565,8108.13
1566,8338.163
1567,6550.97
1568,8627.66
1569,57204.74
1570,2986.99
1571,11880.472
1572,5358.91
1573,2779.29
1574,16658.84
1575,66251.29
1576,11027.625333333332
1577,7882.039952380952
1578,53938.7
1579,5007.594999999999
1580,5542.034666666666
1581,52670.46
1582,3418.8662857142863
1583,57800.41833333334
1584,6104.950833333332
1585,5301.09
1586,9261.28
1587,3594.728
1588,4479.27
1589,53818.837499999994
1590,66873.98
1591,44428.615
1592,4796.66
1593,5970.974904761904
1594,1733.1
1595,9452.55
1596,3876.63
1597,8850.31
1598,23919.78
1599,4968.4525
1600,55233.65
1601,14209.511999999999
1602,11207.05
1603,8061.343333333332
1604,12275.63
1605,8373.040151515153
1606,58279.48
1607,5991.07
1608,7271.196666666667
1609,6385.0
1610,54366.31166666667
1611,2547.5685238095243
1612,5986.0
1613,4734.54
1614,5928.967333333335
1615,50175.13
1616,47906.96583333334
1617,55031.19
1618,4795.92
1619,5714.22
1620,52928.05571428571
1621,58565.33833333334
1622,5079.923333333334
1623,6016.69
1624,3337.860238095238
1625,4762.13
1626,4893.136666666666
1627,52709.94095238095
1628,6325.484333333334
1629,63726.675
1630,47134.71166666666
1631,12087.096166666666
1632,6068.1658333333335
1633,11654.386666666667
1634,5947.35
1635,4701.958666666667
1636,7465.103250000001
1637,11356.536666666665
1638,9245.718833333334
1639,6540.375333333333
1640,4621.42
1641,60556.18
1642,13578.48
1643,13745.26
1644,8157.566999999999
1645,46381.71
1646,5902.59
1647,56991.174000000006
1648,50389.8
1649,5541.2
1650,11166.42
1651,46618.03
1652,10946.07
1653,52688.25
1654,2368.5575
1655,14112.23
1656,5123.665
1657,5961.462666666666
1658,47010.03
1659,6375.676428571428
1660,6330.942380952381
1661,43366.19
1662,5172.42
1663,4788.47
1664,57278.12
1665,5307.423642857143
1666,3626.5521666666673
1667,11132.54
1668,8518.773333333334
1669,5091.85
1670,49259.1
1671,50680.36
1672,5092.676666666666
1673,5078.276666666667
1674,12109.418523809523
1675,32968.47666666667
1676,54784.1
1677,2827.216
1678,54007.60400000001
1679,4895.226999999999
1680,55141.3575
1681,4550.318333333333
1682,58284.98
1683,5473.983333333334
1684,5977.700833333332
1685,5379.11
1686,3558.9855
1687,3678.8191666666667
1688,6237.728333333333
1689,1769.9129999999998
1690,3178.2245000000003
1691,4762.39
1692,5932.447333333333
1693,5021.68
1694,50234.01
1695,2270.7733333333335
1696,4908.46
1697,5663.588333333334
1698,2398.06
1699,60856.863
1700,7089.17
1701,5769.97
1702,5398.06
1703,4454.91
1704,3103.56
1705,7345.624666666667
1706,7136.185
1707,5657.59
1708,4484.99
1709,6090.130999999999
1710,5689.46
1711,4803.69
1712,14499.315
1713,5148.63
1714,7425.088999999999
1715,45627.383
1716,7323.520833333334
1717,5508.52
1718,10596.62
1719,3680.678666666667
1720,42180.97
1721,22438.54
1722,5393.818333333333
1723,5959.8
1724,6533.76
1725,62834.03
1726,49425.31
1727,5438.174404761905
1728,59355.00116666667
1729,5671.01
1730,4223.89
1731,58320.20452380952
1732,5832.44
1733,16996.83
1734,3687.756166666667
1735,6561.4
1736,48818.24
1737,52643.53
1738,10189.586666666666
1739,3189.1436428571415
1740,5059.34
1741,6054.501833333334
1742,1546.335
1743,2949.238
1744,5238.94
1745,4734.54
1746,3247.723952380952
1747,15317.34
1748,4612.245
1749,54044.72
1750,5709.690666666667
1751,60630.72633333332
1752,11753.025
1753,7266.106
1754,57266.435
1755,6169.120833333333
1756,57694.73
1757,54214.41
1758,6481.2609999999995
1759,53732.96300000001
1760,28196.55380952381
1761,67647.15
1762,6485.95
1763,5525.098333333332
1764,3172.3925
1765,8625.55
1766,4336.253333333333
1767,5707.69
1768,5231.394166666667
1769,11865.61
1770,5259.249333333333
1771,5380.01
1772,12342.698666666667
1773,51688.099
1774,4810.525833333333
1775,55059.88
1776,8770.891000000001
1777,4341.05
1778,9244.576
1779,1372.35
1780,52960.28
1781,10698.183333333334
1782,4985.353666666666
1783,64043.96433333334
1784,6624.881666666666
1785,43787.5725
1786,5563.62
1787,6465.115
1788,5627.46
1789,5848.04
1790,2362.7070000000003
1791,5715.34
1792,12294.215238095238
1793,5647.74
1794,7942.59
1795,10036.68
1796,8470.56
1797,4917.87
1798,56415.5665
1799,1707.79
1800,4909.21
1801,4641.06
1802,4886.59
1803,2658.668333333333
1804,47497.19066666666
1805,11574.65
1806,2554.800182539683
1807,5297.47
1808,5826.93
1809,6064.98
1810,69676.90583333332
1811,6634.22
1812,5623.085
1813,82944.45466666667
1814,6817.385833333333
1815,7439.07
1816,3990.4831666666664
1817,69850.6
1818,2448.747
1819,2559.495
1820,3606.255
1821,8613.5475
1822,60585.1
1823,33370.11833333333
1824,6473.613333333333
1825,12100.37
1826,7337.5975
1827,12864.7
1828,55063.2275
1829,16751.1325
1830,5992.34
1831,22178.355
1832,51139.17
1833,6150.27
1834,4455.711333333334
1835,30203.325
1836,1709.72
1837,5826.04
1838,5065.69
1839,12588.46
1840,74783.82
1841,7436.01
1842,59614.92
1843,56553.73
1844,15370.82
1845,14473.834476190475
1846,4459.475
1847,5770.73
1848,5659.102
1849,8042.053333333332
1850,7887.74
1851,12393.9675
1852,4635.03
1853,4006.68
1854,11783.210666666666
1855,5073.6945000000005
1856,5008.045
1857,56494.41
1858,11776.583666666667
1859,5830.38
1860,7319.019999999999
1861,4645.6033333333335
1862,60142.8825
1863,4885.14
1864,2840.9165238095243
1865,58790.39
1866,11506.245333333332
1867,6112.12
1868,6606.26
1869,6613.054642857143
1870,6731.394333333334
1871,4407.887452380953
1872,71030.75
1873,11521.196666666665
1874,6941.41
1875,5141.266333333334
1876,6524.0475
1877,16902.46
1878,50309.29
1879,4628.51
1880,4367.86
1881,13525.02
1882,10084.701666666666
1883,9601.07
1884,4956.59
1885,2938.101666666667
1886,2444.02
1887,53750.03
1888,7197.09
1889,3778.4475
1890,55539.39
1891,6339.3
1892,5129.046666666667
1893,5225.533333333333
1894,4663.32
1895,5950.52
1896,51717.8165
1897,10591.93
1898,2431.505
1899,5195.364666666666
1900,9288.005
1901,5563.0205000000005
1902,7495.155
1903,6597.068
1904,6240.57
1905,12815.42
1906,50265.62
1907,1790.15
1908,4802.91
1909,4794.449166666667
1910,6525.7475
1911,12783.325
1912,6000.2125
1913,4977.198333333333
1914,13025.269166666667
1915,7424.254166666667
1916,5451.194
1917,54700.77500000001
1918,6571.735500000001
1919,4072.6
1920,5932.164666666667
1921,6065.304583333333
1922,52470.07
1923,2893.27
1924,56537.902666666676
1925,5185.953333333334
1926,3136.1283333333326
1927,46198.73
1928,7334.735
1929,4653.96
1930,2977.556833333332
1931,9172.83
1932,6248.01
1933,13439.872000000001
1934,23632.91666666667
1935,2752.11
1936,50322.735
1937,7494.87
1938,5806.09
1939,4240.745833333333
1940,2221.6933333333336
1941,45850.35
1942,12388.36
1943,6373.77
1944,6213.0075
1945,52002.19
1946,3451.6167857142864
1947,19946.44
1948,5307.3
1949,4270.166666666667
1950,9192.721666666666
1951,2852.685833333333
1952,8986.3475
1953,55296.92
1954,11703.66
1955,58755.621166666664
1956,13466.635
1957,4867.939
1958,40744.73
1959,4009.045
1960,5682.158666666667
1961,45172.22699999999
1962,7424.1225
1963,48687.29
1964,60907.02333333334
1965,3683.402666666667
1966,34913.01673809524
1967,5150.932666666667
1968,2072.706
1969,14075.7
1970,4914.24
1971,5150.530809523809
1972,2449.37
1973,54682.79416666666
1974,4157.328333333333
1975,11958.856666666665
1976,5094.307
1977,5971.246666666666
1978,55023.04
1979,6784.325
1980,5659.49
1981,5994.583333333332
1982,57991.64666666667
1983,47565.62
1984,6547.031178571427
1985,49754.34428968253
1986,57282.57
1987,11892.947523809526
1988,45724.62
1989,42148.54
1990,50884.9
1991,7515.48
1992,5343.47
1993,4797.11
1994,4971.0992857142855
1995,3030.71
1996,1508.17
1997,14526.9
1998,4880.12
1999,2407.0963333333334
2000,6774.63
2001,52592.32
2002,4524.535
2003,3157.15
2004,63985.76866666667
2005,2482.541333333333
2006,6571.4816666666675
2007,45795.31
2008,30688.136666666665
2009,61096.5
2010,10127.68
2011,6845.1225
2012,5753.628333333334
2013,5005.618333333334
2014,10688.009333333332
2015,11930.955714285714
2016,12321.715904761906
2017,10666.74
2018,10582.39
2019,13040.139666666668
2020,5404.15
2021,7818.06
2022,5512.972
2023,5104.4366666666665
2024,8400.928333333333
2025,14830.521666666667
2026,11084.14
2027,2893.94
2028,6039.023333333333
2029,5872.700666666667
2030,5138.966333333334
2031,18295.35
2032,61851.3925
2033,3214.774476190476
2034,33218.65166666667
2035,49254.38333333334
2036,5304.34
2037,3644.0858333333335
2038,57426.27666666666
2039,64256.3
2040,61815.61
2041,59110.36
2042,4963.63
2043,4349.73
2044,6104.380999999999
2045,55916.0855
2046,49030.19
2047,44735.87
2048,4633.5233333333335
2049,5985.661666666666
2050,4709.725
2051,2449.675
2052,35920.90304761905
2053,58873.235
2054,6981.44
2055,54101.75
2056,54406.385
2057,55935.53666666666
2058,6413.535
2059,6605.34
2060,4195.35
2061,56989.91133333334
2062,6529.633333333334
2063,6402.65
2064,7561.174404761905
2065,4811.176666666666
2066,5730.274833333333
2067,5904.29
2068,6868.743333333333
2069,6914.761309523808
2070,6088.09
2071,3603.8393333333333
2072,60344.155999999995
2073,4899.237416666667
2074,3906.2709999999997
2075,56206.91
2076,15009.82
2077,1685.0045357142858
2078,7932.53
2079,5967.42
2080,4573.7625
2081,68559.72
2082,5627.48
2083,4963.36
2084,2040.7920000000001
2085,53814.91
2086,7016.29
2087,57786.513333333336
2088,57381.67
2089,4907.46
2090,4070.83
2091,12605.175
2092,4750.595333333334
2093,3987.9883333333332
2094,48272.66
2095,12126.650333333335
2096,58558.19
2097,13577.65
2098,6116.38
2099,65648.57333333333
2100,7125.392666666666
2101,8180.73
2102,3358.57
2103,65853.95
2104,54623.303095238094
2105,48780.01666666666
2106,5525.16
2107,7726.9
2108,5111.799166666667
2109,11253.19
2110,59769.83833333333
2111,6165.733333333333
2112,5243.815
2113,3683.402666666667
2114,57266.435
2115,6355.263142857142
2116,51368.6075
2117,4767.706666666667
2118,3991.22
2119,43645.88
2120,7078.515
2121,64197.27266666668
2122,6150.031666666666
2123,48511.0
2124,7088.39
2125,54153.388000000006
2126,2540.95
2127,55078.33
2128,4053.64
2129,55619.37642857143
2130,5874.669
2131,53219.54
2132,59574.04833333333
2133,5755.57
2134,4693.45
2135,2403.23
2136,2888.175
2137,7749.7618571428575
2138,44471.79
2139,5111.973333333333
2140,6739.92
2141,6874.1
2142,44818.02099999999
2143,6639.943333333334
2144,50114.98333333333
2145,5974.294642857143
2146,6252.516666666667
2147,4584.88
2148,5470.18
2149,8321.912333333334
2150,4958.825333333333
2151,4934.57
2152,5741.470499999999
2153,47348.15
2154,44881.63
2155,29189.96
2156,6067.19
2157,13913.238333333333
2158,9153.035
2159,11292.000999999998
2160,5622.58
2161,53338.82
2162,4146.232333333333
2163,53128.385
2164,8667.22
2165,8655.049214285715
2166,4238.08
2167,46942.693
2168,60128.05
2169,4373.785
2170,8147.097
2171,48602.56
2172,5737.56
2173,7010.18
2174,2518.5133333333333
2175,4024.17
2176,45729.14
2177,51194.29
2178,50767.11
2179,5758.75
2180,57182.819
2181,2975.5366666666664
2182,48035.9
2183,52954.49
2184,5011.7425
2185,4179.9109285714285
2186,9105.704999999998
2187,12158.261666666667
2188,7664.36
2189,10275.43
2190,10944.865
2191,67608.34083333334
2192,5671.4130000000005
2193,6522.31575
2194,2329.37
2195,4886.23
2196,54683.93333333334
2197,66626.90166666667
2198,53864.73
2199,3635.6553333333327
2200,4691.933333333333
2201,4759.598333333333
2202,5489.3275
2203,5712.535
2204,5149.741666666667
2205,5362.401000000001
2206,3868.15
2207,58075.84
2208,6332.88
2209,61800.93
2210,10921.92
2211,10031.245
2212,50356.02
2213,52565.15
2214,11170.1
2215,4344.51
2216,5142.254166666667
2217,57725.85
2218,63625.89116666666
2219,2963.89
2220,55241.61416666668
2221,5744.4456666666665
2222,2959.2525
2223,6100.964333333332
2224,5915.2080000000005
2225,3582.24
2226,4675.175
2227,5326.715
2228,9952.45
2229,14416.348333333333
2230,5295.16
2231,2701.82
2232,60004.9935
2233,12347.566666666666
2234,5978.89
2235,49439.11
2236,6349.003333333334
2237,12648.88
2238,4357.33
2239,7076.03
2240,55754.25
2241,9212.516428571429
2242,6825.03
2243,61333.08
2244,2193.24
2245,4976.057833333334
2246,10527.51
2247,3305.675166666666
2248,7787.77
2249,5935.326666666666
2250,5422.491999999999
2251,10646.95
2252,58431.1
2253,9445.341666666667
2254,46470.29
2255,5604.488333333335
2256,6359.16
2257,2972.0399999999995
2258,4445.3725
2259,5411.9925
2260,7876.422666666666
2261,6940.95
2262,10979.8
2263,10734.694833333335
2264,6524.08
2265,2858.868333333334
2266,25308.30666666667
2267,53832.8425
2268,12044.935
2269,5109.927142857143
2270,6305.381666666667
2271,5058.577333333334
2272,5063.675666666667
2273,2105.93
2274,41558.23
2275,49497.34
2276,2736.58
2277,14073.75
2278,3375.982
2279,5686.66
2280,44249.05866666667
2281,6058.476666666667
2282,58681.91
2283,48413.08666666667
2284,9037.44
2285,4825.9366666666665
2286,53816.27
2287,64377.74
2288,3492.2633333333333
2289,5429.95
2290,2839.213333333333
2291,5795.0825
2292,2848.282515873016
2293,15871.84
2294,10994.113000000001
2295,5943.1372142857135
2296,6322.8
2297,32222.59
2298,4955.82
2299,11627.464071428572
2300,3143.86
2301,46671.362
2302,5085.46
2303,54145.650499999996
2304,8097.005
2305,43382.435
2306,6155.2
2307,19440.08
2308,57157.8
2309,4329.463500000001
2310,7809.3
2311,51264.321333333326
2312,12015.535
2313,54599.089511904764
2314,6195.86
2315,12708.365
2316,6133.361666666668
2317,61974.201404761894
2318,23120.52
2319,13386.02
2320,6417.633333333332
2321,44424.63085714286
2322,4771.39
2323,18210.71416666667
2324,7579.145
2325,6226.053999999999
2326,6064.16
2327,13393.95
2328,41409.15916666666
2329,5096.56
2330,5229.795999999999
2331,68563.25
2332,12489.48
2333,6548.81
2334,13001.88
2335,47848.56
2336,47402.96
2337,70284.27016666667
2338,5236.516666666666
2339,43969.845
2340,9276.53530952381
2341,53230.8
2342,6861.482
2343,58506.0945
2344,6676.5575
2345,45187.25
2346,4912.61
2347,7976.725
2348,16149.801999999998
2349,5287.02
2350,54469.14666666666
2351,4711.785
2352,8188.583749999999
2353,5927.29
2354,3126.79
2355,4084.995999999999
2356,69441.90666666668
2357,54855.29
2358,4693.79
2359,5306.89
2360,6262.2325
2361,49952.69983333333
2362,54712.37
2363,5813.9113333333335
2364,50968.01
2365,6010.974666666665
2366,50930.05
2367,4674.95
2368,67943.65
2369,53559.252
2370,4695.72
2371,5136.97
2372,6675.82
2373,5349.3825
2374,4878.34
2375,5286.53
2376,61916.9
2377,10953.26
2378,53010.13666666667
2379,5323.067000000001
2380,30707.173333333336
2381,3081.5806666666667
2382,11211.37
2383,77783.9
2384,8136.01
2385,10437.92
2386,45502.986666666664
2387,4813.435
2388,5784.07
2389,2676.89
2390,50483.44
2391,10159.656666666666
2392,11921.887142857144
2393,6198.69
2394,16401.22
2395,22068.006666666668
2396,55764.48
2397,5516.51
2398,9276.53530952381
2399,6097.4925
2400,17052.54
2401,60555.93
2402,3427.413333333333
2403,32413.3985
2404,47571.97
2405,6152.27
2406,6083.57
2407,7543.192999999999
2408,8792.33
2409,11002.558
2410,45036.259333333335
2411,5831.9555
2412,6505.602833333333
2413,3021.5166666666664
2414,64969.28
2415,10389.42
2416,47922.545333333335
2417,12206.067666666668
2418,5081.355
2419,6006.27
2420,4940.34
2421,5849.02
2422,70571.14
2423,5482.2135
2424,3417.0745238095237
2425,5310.27
2426,39235.04
2427,5219.29
2428,52181.63
2429,61055.01
2430,12590.124
2431,22469.36
2432,61071.25
2433,7645.7
2434,6081.495
2435,8099.23
2436,4693.663333333333
2437,54352.16857142857
2438,53963.84535714286
2439,5867.55
2440,52270.15
2441,6016.34
2442,5604.37
2443,4268.446666666667
2444,2287.92
2445,2912.66
2446,12205.71119047619
2447,5240.029500000001
2448,7463.171666666666
2449,4256.24
2450,4541.028333333333
2451,3704.879999999999
2452,9904.710857142858
2453,5369.815
2454,52700.74
2455,10264.835833333334
2456,57199.76
2457,22469.36
2458,9488.2
2459,50517.0825
2460,49547.665
2461,5537.66
2462,6204.9425
2463,4683.195
2464,5798.355
2465,4448.519
2466,2883.774166666667
2467,6746.046666666666
2468,5248.63
2469,5600.265
2470,5345.913333333334
2471,7490.0555
2472,5815.711666666666
2473,4581.4275
2474,3282.245
2475,6650.106666666667
2476,5282.45
2477,3844.715
2478,12187.17
2479,62081.35
2480,6651.909166666666
2481,30847.394500000002
2482,5280.09
2483,53988.511333333336
2484,52045.63
2485,57852.83
2486,5737.56
2487,5991.317833333334
2488,57641.809
2489,3822.12
2490,8612.85
2491,62952.67
2492,11779.3
2493,5981.51
2494,4577.65
2495,4643.861666666667
2496,5622.225
2497,3095.64
2498,11152.35
2499,56977.88666666666
2500,3088.437833333334
2501,45508.51
2502,10032.5
2503,2757.683333333333
2504,13810.39
2505,47607.0039404762
2506,2700.4070833333335
2507,17558.56
2508,9772.35
2509,5632.040000000001
2510,5576.29
2511,48307.248
2512,9212.87
2513,3292.3666666666663
2514,4487.82
2515,12170.735
2516,4608.98
2517,2601.165833333334
2518,72067.80333333334
2519,56474.79541666667
2520,42368.5
2521,6074.784166666667
2522,63298.36
2523,55566.92
2524,55477.22
2525,61523.19
2526,6223.1376190476185
2527,5006.6325
2528,15466.71
2529,3649.293833333333
2530,6250.46
2531,54514.59
2532,54542.8
2533,5633.68
2534,44789.5
2535,6648.111666666667
2536,7822.790571428573
2537,5018.6
2538,7857.037952380952
2539,2922.248
2540,60162.68916666667
2541,12978.18
2542,13924.706666666667
2543,32177.34
2544,22035.639999999996
2545,5510.8
2546,50916.69183333332
2547,6343.715571428571
2548,2104.683333333333
2549,47392.8875
2550,4002.59
2551,3638.5167857142865
2552,7507.835
2553,5398.07
2554,51840.855
2555,51840.855
2556,8099.23
2557,5182.73
2558,2988.786833333333
2559,2115.786
2560,7048.7125
2561,5904.247833333333
2562,7779.59
2563,14126.62
2564,4686.980666666666
2565,13039.543666666666
2566,13999.408333333333
2567,4650.931666666666
2568,7639.63
2569,7656.36
2570,53644.72
2571,56439.731833333346
2572,2188.353333333333
2573,2392.21
2574,54459.67
2575,5554.345
2576,48947.09
2577,69861.36
2578,6338.72
2579,4533.018
2580,57219.673119047635
2581,49652.11083333333
2582,61153.79833333334
2583,51562.37
2584,4709.725
2585,5988.96
2586,5784.211666666667
2587,57777.91
2588,7061.88
2589,4768.395833333333
2590,5074.937666666667
2591,2224.35
2592,3283.17
2593,5838.93
2594,50325.84
2595,6632.6475
2596,32707.16666666667
2597,13477.96
2598,58189.42
2599,5997.961904761904
2600,52653.43916666667
2601,12265.243333333336
2602,2237.2464999999997
2603,56121.55
2604,4710.375
2605,19425.01
2606,73561.11416666667
2607,7960.76
2608,7341.466190476191
2609,4324.32
2610,5687.9333333333325
2611,8635.05
2612,13809.84
2613,5371.645
2614,5790.802666666665
2615,44016.16
2616,6597.394476190476
2617,5566.34
2618,52775.79833333333
2619,13514.36
2620,7971.251035714285
2621,1996.3705000000002
2622,3958.875
2623,6063.04
2624,53058.8905
2625,53905.3275
2626,7717.41
2627,63262.77
2628,62813.56749999999
2629,62377.94666666667
2630,7234.3353333333325
2631,5332.91
2632,5638.3590952380955
2633,61827.11
2634,9437.6675
2635,3749.0483333333336
2636,3779.24
2637,4878.420999999999
2638,58583.06333333334
2639,11284.04
2640,6737.908166666666
2641,4109.075
2642,52179.69666666666
2643,47225.29
2644,5003.174999999999
2645,5412.051666666667
2646,2472.0449999999996
2647,32396.76833333333
2648,9875.943214285713
2649,5711.433000000001
2650,77328.81
2651,53678.45
2652,2197.4
2653,6022.98
2654,2461.9990000000003
2655,4759.7
2656,5159.15
2657,50036.05
2658,53319.96
2659,60820.3375
2660,50456.724
2661,63480.92
2662,3074.08
2663,69590.73735714286
2664,6812.72
2665,6415.926666666667
2666,45759.97
2667,63625.89116666666
2668,48599.15
2669,68972.14
2670,3692.745166666667
2671,11221.0875
2672,6718.240333333333
2673,10561.08
2674,4272.666666666667
2675,7024.185
2676,4460.093333333334
2677,2384.2875
2678,3924.4483333333337
2679,4451.3
2680,5172.8
2681,4955.09
2682,8806.0
2683,4120.158928571428
2684,7973.66
2685,4989.88
2686,5835.901
2687,63420.89366666666
2688,45185.1365
2689,13620.7
2690,14295.588333333335
2691,28914.755
2692,4636.0233333333335
2693,5432.36
2694,3800.77
2695,12512.895
2696,2798.0418333333337
2697,6943.2375
2698,11181.3425
2699,75239.76
2700,46698.55
2701,47532.98
2702,2581.8466666666664
2703,10645.09
2704,3307.265
2705,12252.9
2706,4909.67
2707,45983.41
2708,49976.46
2709,5883.195
2710,54615.114
2711,5708.0
2712,4765.65
2713,4519.338333333333
2714,55844.34
2715,6458.843333333332
2716,6007.604
2717,58548.945
2718,6244.86
2719,5696.175999999999
2720,5447.1
2721,2360.5640000000003
2722,9859.699999999999
2723,74184.99
2724,21160.07
2725,3344.466333333333
2726,2955.86
2727,4532.923
2728,6597.39
2729,2432.88
2730,10085.416666666666
2731,54385.05
2732,3453.3510000000006
2733,11075.17
2734,53416.48
2735,4312.31
2736,5690.805690476192
2737,50423.5825
2738,4918.98
2739,53011.816000000006
2740,12551.056666666667
2741,9012.143333333333
2742,6079.230722222221
2743,51763.327000000005
2744,5591.51
2745,47780.17
2746,4355.4
2747,6814.376333333335
2748,58906.57
2749,4680.65
2750,13462.143
2751,63581.733
2752,4901.1
2753,59112.46400000001
2754,4593.69
2755,6088.13
2756,6877.34
2757,54396.04
2758,3501.7909999999997
2759,42255.91
2760,4487.47
2761,61673.62
2762,16968.7
2763,6464.288333333334
2764,54170.273833333325
2765,10796.52
2766,7744.025
2767,5817.627333333334
2768,65328.24
2769,11338.09
2770,51836.96333333334
2771,3334.61
2772,2291.4366666666665
2773,3491.515
2774,3311.82
2775,12206.067666666668
2776,6701.659476190476
2777,7348.553333333333
2778,12985.32
2779,8377.288333333334
2780,58502.88
2781,47585.08166666667
2782,9857.92
2783,8014.74
2784,12280.642
2785,8010.713333333334
2786,4930.431666666666
2787,8084.166666666666
2788,6618.64
2789,5296.255833333333
2790,2396.7
2791,2780.69
2792,2337.12
2793,58199.65666666666
2794,3287.613214285714
2795,45082.19
2796,5080.02
2797,12126.6475
2798,4917.87
2799,49959.38
2800,3832.22
2801,4255.49
2802,3846.275
2803,29729.51
2804,4346.62
2805,4614.98
2806,54601.69666666667
2807,64114.23
2808,5072.235
2809,45886.914
2810,6195.108
2811,5638.975000000001
2812,7798.41
2813,10105.8
2814,1788.15
2815,7873.332666666667
2816,5463.76
2817,7409.91
2818,6665.22
2819,5302.469333333333
2820,5103.39
2821,4806.132178571428
2822,5475.64
2823,5600.51
2824,6065.304583333333
2825,3413.508
2826,6562.2975
2827,5678.88
2828,59034.94
2829,6395.136666666667
2830,5152.24
2831,2425.25
2832,5018.93
2833,6655.06
2834,5628.286999999999
2835,10688.17
2836,2019.08
2837,7498.21
2838,57623.244333333336
2839,51050.88666666666
2840,5748.9775
2841,45672.09
2842,62368.088500000005
2843,52192.00399999999
2844,53918.95
2845,4703.54
2846,5518.411999999999
2847,22288.52
2848,5680.49
2849,2626.1661904761895
2850,54050.62
2851,7572.513333333332
2852,6468.68
2853,53806.0
2854,51439.8
2855,13481.233333333335
2856,8912.79
2857,55368.59166666667
2858,5214.45
2859,18311.59
2860,5618.843333333332
2861,4793.009714285714
2862,6760.91
2863,5711.170333333332
2864,46668.96
2865,2913.0184999999997
2866,2867.7376666666664
2867,5722.45
2868,12669.994833333336
2869,55292.705
2870,12198.706166666667
2871,47653.37666666667
2872,66191.86
2873,9546.482857142857
2874,11653.83
2875,5803.1775
2876,6648.15
2877,3933.83
2878,6786.802000000001
2879,11049.990666666668
2880,38555.84833333333
2881,3405.4
2882,51404.41416666667
2883,46103.42
2884,7179.24
2885,4946.26
2886,66783.604
2887,4736.54
2888,24579.22
2889,1975.592
2890,1746.32
2891,4727.97
2892,46473.615
2893,7120.05
2894,4153.6125
2895,6774.24
2896,16256.103333333333
2897,5708.0
2898,3618.3
2899,12345.95
2900,4941.81
2901,4408.263333333333
2902,64539.41
2903,11522.26
2904,51356.12033333333
2905,5895.763500000001
2906,44848.72333333334
2907,7278.694642857143
2908,54964.491047619034
2909,54395.13
2910,12178.986666666666
2911,6846.096333333333
2912,6278.240500000001
2913,5036.79
2914,50866.24666666668
2915,5853.37
2916,5878.56369047619
2917,5944.28
2918,5278.475
2919,51536.2
2920,13134.973999999998
2921,3344.5501428571424
2922,8341.0
2923,12439.678333333333
2924,57359.263333333336
2925,14055.39
2926,8341.83
2927,5513.19
2928,6745.91
2929,37826.708
2930,9511.55
2931,13470.4
2932,5104.566666666667
2933,68142.65
2934,19041.881999999998
2935,51805.37666666667
2936,56910.36
2937,7939.89
2938,6881.586666666667
2939,6161.61
2940,4272.624999999999
2941,53291.52
2942,5637.79
2943,7378.635476190476
2944,3380.2
2945,13766.63
2946,54293.456000000006
2947,12255.19
2948,45766.50783333333
2949,5896.680333333334
2950,5789.608
2951,5620.15
2952,9394.95
2953,57876.6425
2954,16363.52
2955,60540.42
2956,11084.14
2957,6822.135
2958,6330.74
2959,6911.427333333333
2960,6946.105
2961,3505.005547619047
2962,3986.003547619048
2963,10343.66
2964,8084.63
2965,61244.595
2966,3763.52
2967,5094.307
2968,57178.7105
2969,6268.34
2970,17721.324999999997
2971,4903.21
2972,6383.7
2973,3680.83
2974,10526.33
2975,53656.79
2976,44706.60166666667
2977,15337.51
2978,6658.084
2979,5735.3535
2980,4723.870333333333
2981,5987.33
2982,44510.66
2983,12221.815
2984,52552.51
2985,5132.08
2986,8128.23
2987,8013.6725
2988,59035.32
2989,12504.515
2990,2648.25
2991,59519.92
2992,48012.35
2993,2138.726666666667
2994,5866.226666666667
2995,3271.9125
2996,46713.54
2997,5988.96
2998,58253.16
2999,5584.7125
3000,5325.82
3001,5102.04
3002,41890.49
3003,2986.3
3004,5449.13
3005,3099.5
3006,40769.909166666665
3007,6264.7525
3008,59518.13
3009,6313.251761904761
3010,60901.23
3011,6198.53
3012,7848.23
3013,2792.12
3014,50076.670666666665
3015,47935.07833333334
3016,60791.35416666668
3017,65371.02833333333
3018,61989.941833333316
3019,9280.438333333334
3020,2476.1
3021,4776.055
3022,4889.07
3023,2642.66
3024,7600.105
3025,5677.07
3026,5443.39
3027,61991.78666666666
3028,9943.813555555556
3029,5989.8
3030,5744.797
3031,3979.02
3032,6018.4580000000005
3033,51417.45
3034,5212.52
3035,59573.983666666674
3036,5314.24
3037,6414.18
3038,5321.77
3039,16528.86
3040,56925.10055555555
3041,6117.386833333334
3042,13461.2
3043,5305.464166666667
3044,4443.439166666666
3045,6038.736666666667
3046,3754.77
3047,56192.89
3048,11268.59
3049,51736.79
3050,2944.994285714286
3051,46039.32
3052,65453.41
3053,5201.17
3054,51983.82
3055,53957.41
3056,2623.86
3057,8363.34
3058,43482.97
3059,3433.44
3060,2781.063
3061,54889.36
3062,5318.944
3063,2836.5459047619042
3064,9927.266309523808
3065,4893.600166666667
3066,23622.96
3067,5365.531999999999
3068,2702.78
3069,5810.4080952380955
3070,8471.04
3071,6179.37
3072,53958.39566666666
3073,7109.679499999999
3074,2888.536666666667
3075,4656.870833333333
3076,55971.19291666667
3077,11667.293666666665
3078,4407.599928571429
3079,2786.02
3080,2568.0
3081,53566.875
3082,13365.048285714285
3083,11966.3
3084,7102.97076190476
3085,11189.07
3086,11415.81866666667
3087,14447.70946825397
3088,4416.075
3089,4242.32
3090,7417.03
3091,6127.2475
3092,5707.9890000000005
3093,5802.212261904762
3094,4914.2
3095,7027.42
3096,5349.35
3097,7350.709999999999
3098,45539.94933333334
3099,6295.610833333334
3100,6043.4996666666675
3101,60462.211166666675
3102,38206.55
3103,6142.43
3104,6943.813428571428
3105,6073.03
3106,18363.47
3107,54289.19
3108,47429.45
3109,5669.95
3110,59237.975
3111,50063.24
3112,5009.228666666666
3113,4836.8825
3114,3384.85
3115,50383.76
3116,2446.7566666666667
3117,6317.58
3118,6434.22
3119,8267.405
3120,42515.84583333334
3121,53245.49
3122,53220.65
3123,2655.572380952381
3124,48606.221333333335
3125,38582.4499047619
3126,5306.21
3127,8343.398333333333
3128,59133.84133333334
3129,50809.92
3130,2191.69
3131,6307.463380952381
3132,10669.21
3133,6277.322166666666
3134,2416.227023809524
3135,6846.936666666667
3136,58197.8
3137,66448.87400000001
3138,7792.06
3139,4958.1875
3140,52114.29733333334
3141,3664.9445238095236
3142,44201.98
3143,58975.06
3144,4420.97
3145,10387.731666666667
3146,59946.302190476184
3147,2476.68
3148,5284.6225
3149,5671.9
3150,1758.8229999999999
3151,54043.50666666666
3152,6583.659333333333
3153,15307.05
3154,52382.06166666666
3155,7455.77
3156,6398.707166666667
3157,3396.95
3158,4875.8755
3159,6500.39
3160,10300.16
3161,4562.296666666666
3162,48809.665
3163,57850.155999999995
3164,6156.776000000001
3165,16303.45
3166,5569.816000000001
3167,1772.986
3168,65027.24
3169,8319.63
3170,4541.066666666667
3171,5877.41
3172,14454.436000000002
3173,9618.245
3174,4356.3
3175,5919.27
3176,5878.915833333333
3177,4575.51
3178,3226.46
3179,6140.874
3180,11712.585333333333
3181,55642.430499999995
3182,41685.98
3183,13772.48
3184,2467.08
3185,5382.3215
3186,4512.016
3187,5179.613333333333
3188,8705.88
3189,2588.287333333333
3190,6231.28
3191,45281.96
3192,56434.29866666666
3193,55725.07
3194,60453.01699999999
3195,51693.64
3196,5252.695333333333
3197,8653.307666666666
3198,48778.06926190477
3199,76076.89
3200,67527.25166666665
3201,10520.04
3202,5940.7418333333335
3203,8917.16
3204,14429.93
3205,34913.01673809524
3206,4859.53
3207,60697.3275
3208,5925.76
3209,59393.212000000014
3210,6365.696666666667
3211,5496.409166666667
3212,2384.87
3213,4869.2
3214,4620.765
3215,48021.495
3216,4727.291428571429
3217,22866.23333333333
3218,5848.13
3219,4255.203333333333
3220,35241.428
3221,56939.38
3222,4419.835
3223,56510.801666666666
3224,4071.961666666667
3225,4847.32
3226,50319.3625
3227,5613.63
3228,5996.209999999999
3229,5544.42
3230,7321.08
3231,5841.1165
3232,5605.43
3233,5150.932666666667
3234,5834.07
3235,13183.598
3236,3061.1732380952385
3237,4363.41
3238,5587.820333333334
3239,1819.5410000000002
3240,4886.33
3241,4000.642023809524
3242,6611.2
3243,5198.4383333333335
3244,59668.8
3245,54742.84
3246,55936.91
3247,52045.47
3248,4625.720833333333
3249,10078.87
3250,10782.73
3251,63583.265095238115
3252,4419.92
3253,43427.195
3254,5335.29
3255,4465.145
3256,5955.447999999999
3257,63321.425
3258,50628.371
3259,6850.05
3260,6737.043238095237
3261,30544.01396825397
3262,2264.2656666666667
3263,5240.0025
3264,12799.186666666668
3265,3448.13
3266,2447.496666666667
3267,2666.14
3268,7335.6
3269,3276.8402380952384
3270,5923.509
3271,3276.38
3272,16364.53
3273,6075.985500000001
3274,5766.74
3275,6322.14
3276,21299.9
3277,3886.23
3278,56264.99
3279,56179.96
3280,6337.394
3281,5459.47
3282,5859.0
3283,5792.52
3284,4447.695
3285,6032.99
3286,4866.01
3287,12941.34
3288,4651.57
3289,12521.834333333336
3290,8010.96
3291,53974.58
3292,6861.71
3293,10249.08
3294,57163.19583333333
3295,62707.75
3296,53505.21154761904
3297,5259.14
3298,5525.16
3299,4136.03
3300,6026.67
3301,16266.11
3302,7927.06
3303,53387.89
3304,3987.725
3305,5690.55
3306,8160.953166666666
3307,7527.44
3308,58788.51
3309,4226.646
3310,48987.48
3311,5469.03
3312,41652.35
3313,23650.87
3314,4496.303333333333
3315,7054.74
3316,30216.875
3317,5636.136000000001
3318,12273.086214285715
3319,50169.17
3320,6049.17
3321,2748.0960714285716
3322,5172.64
3323,6053.98
3324,3454.7735000000002
3325,7982.69
3326,3222.248
3327,48745.02
3328,14287.13
3329,4088.34
3330,5168.47
3331,13401.053999999998
3332,3546.97
3333,5738.703333333333
3334,8566.66
3335,47882.32
3336,57483.62000000001
3337,12063.386666666667
3338,7974.8640000000005
3339,61115.84066666666
3340,5450.915333333334
3341,8487.71
3342,5629.94
3343,2073.2
3344,2562.4103333333337
3345,50065.40666666666
3346,64091.47
3347,12322.595880952382
3348,5299.05
3349,57432.38
3350,59058.37499999999
3351,4912.95
3352,5670.255
3353,6538.416333333333
3354,6040.715
3355,10081.43
3356,9428.641833333333
3357,7638.92
3358,8905.03
3359,3017.49
3360,51704.6975
3361,53503.06999999999
3362,4479.57
3363,15416.7175
3364,3027.74
3365,5897.43
3366,6073.18
3367,7603.578
3368,9894.186
3369,5959.68
3370,6450.55
3371,2724.114666666667
3372,3863.1769999999997
3373,33936.91333333333
3374,5357.969642857142
3375,57451.60166666666
3376,44527.119333333336
3377,12929.12
3378,5962.384666666667
3379,59572.691000000006
3380,54180.64
3381,6098.77
3382,2729.9134999999997
3383,9010.096166666666
3384,4282.5
3385,2756.67
3386,67325.48
3387,4872.749333333333
3388,11851.081666666665
3389,8541.13
3390,4428.965999999999
3391,72041.68333333332
3392,36197.77133333334
3393,47485.435
3394,60039.472666666676
3395,67236.84333333332
3396,56631.05
3397,3791.858333333333
3398,2359.1701190476197
3399,52372.58
3400,5365.97
3401,46577.92
3402,57926.71
3403,12871.6
3404,14557.38
3405,16751.1325
3406,7163.056
3407,14996.365
3408,5168.29
3409,6619.627
3410,40158.7
3411,5414.49
3412,12573.805976190477
3413,2400.29
3414,2747.5942380952383
3415,54288.43
3416,10398.08
3417,57162.75708333333
3418,52784.638000000006
3419,6677.846571428571
3420,7036.48
3421,7079.3
3422,11534.253333333334
3423,2917.353
3424,6763.056666666666
3425,50476.50433333334
3426,22102.997142857144
3427,19198.7
3428,54585.15416666668
3429,6516.285
3430,51650.33333333333
3431,2400.47
3432,5110.466666666667
3433,6860.661666666668
3434,4761.325619047619
3435,5517.0855
3436,10993.833333333332
3437,57422.16
3438,14139.97
3439,5155.405
3440,6685.17
3441,5241.17
3442,9368.82
3443,56152.14
3444,4259.32
3445,5665.665
3446,61287.1875
3447,6140.6
3448,6491.46
3449,53559.252
3450,4663.195
3451,5302.469333333333
3452,3904.29
3453,50357.967000000004
3454,3499.0133333333333
3455,11432.8645
3456,46765.21
3457,58124.64
3458,12449.258666666667
3459,64557.5035
3460,53647.78
3461,2879.45
3462,7528.715
3463,2623.68
3464,5955.04
3465,58488.48
3466,4204.541
3467,4356.665
3468,63963.755
3469,55576.805
3470,2779.775
3471,44312.385
3472,53218.66100000001
3473,63544.27895238095
3474,47936.59
3475,24331.4
3476,11685.872380952378
3477,3414.353333333334
3478,14032.8
3479,56542.8
3480,6107.238
3481,4457.136666666667
3482,42777.74166666666
3483,48248.236666666664
3484,22384.24
3485,58223.2
3486,4827.66
3487,12551.37
3488,18112.11
3489,5465.07
3490,51808.725
3491,6854.548333333334
3492,10369.49
3493,27407.132
3494,3090.7293333333337
3495,5971.943333333334
3496,11117.805
3497,7659.1
3498,5748.31
3499,5435.4775
3500,6087.2675
3501,14040.817333333334
3502,63848.168
3503,51895.14
3504,13406.198333333336
3505,53260.565
3506,13070.94
3507,4687.055
3508,6709.7125
3509,2472.85
3510,53136.035
3511,3311.64
3512,61133.0665
3513,5192.479166666666
3514,57603.9125
3515,10673.51
3516,2634.624
3517,8980.93
3518,12861.63
3519,5453.2
3520,5332.975833333333
3521,14813.229285714286
3522,6471.56
3523,5685.995904761906
3524,3631.706
3525,4962.626071428572
3526,5407.451666666668
3527,68352.93666666668
3528,4528.666857142857
3529,2925.3
3530,5830.58
3531,5515.825
3532,8790.64
3533,10358.688333333332
3534,3208.22
3535,48106.37
3536,51907.789333333334
3537,3561.2
3538,6423.310000000001
3539,5848.59
3540,4863.45
3541,3133.539
3542,3430.409333333333
3543,7480.08
3544,2444.5643571428573
3545,3650.704642857143
3546,3438.238
3547,3062.146666666666
3548,31334.81666666667
3549,57586.60116666666
3550,48711.02666666666
3551,3740.8633333333337
3552,5160.55
3553,4305.08
3554,52319.21
3555,53300.389666666655
3556,6245.611999999999
3557,9417.0375
3558,4760.8965
3559,12017.56
3560,59395.63500000001
3561,52733.85
3562,6152.327666666666
3563,7392.735
3564,2286.75
3565,12540.34
3566,2506.985119047619
3567,7801.29
3568,3212.38
3569,4614.265
3570,58579.96
3571,2920.29
3572,4607.985
3573,4394.021
3574,9128.716666666667
3575,53557.37
3576,65391.59
3577,14253.81
3578,3501.455
3579,7076.0380000000005
3580,56282.07
3581,45697.58102380953
3582,68541.61
3583,22207.32
3584,34323.55666666667
3585,51650.469333333334
3586,4609.39
3587,4416.77
3588,57289.012
3589,51576.755
3590,8735.91
3591,5473.51
3592,62870.59
3593,13033.497630952383
3594,5103.01
3595,6760.138666666666
3596,11801.48
3597,58930.175
3598,5981.3125
3599,56617.69
3600,2388.303833333333
3601,4084.336
3602,6627.29
3603,17240.303333333333
3604,8595.251666666667
3605,57273.42333333333
3606,6650.667142857142
3607,56533.37
3608,56089.67
3609,5696.16
3610,6122.2525
3611,60229.85333333333
3612,11718.577928571427
3613,4978.046666666667
3614,49853.68
3615,4835.49
3616,12720.409999999998
3617,5637.0603571428555
3618,11467.347142857143
3619,9077.95
3620,7021.59
3621,13140.47
3622,64397.5
3623,3461.508333333333
3624,6831.47
3625,47839.62666666666
3626,34251.10961904762
3627,14447.99
3628,6530.1624999999985
3629,5468.005833333333
3630,2823.6409999999996
3631,4794.44
3632,11934.7125
3633,9951.028333333334
3634,6183.94
3635,48505.92
3636,12214.756666666668
3637,1801.144
3638,2636.0283333333336
3639,4095.286666666667
3640,2526.78025
3641,3901.37
3642,8653.307666666666
3643,59479.85666666666
3644,5115.4578571428565
3645,3870.61
3646,5336.35
3647,5466.975
3648,45997.6525
3649,53327.82571428571
3650,4824.185666666666
3651,6047.655
3652,50066.1
3653,7646.09
3654,6367.92
3655,12727.37
3656,5788.54
3657,4764.191666666667
3658,47699.6625
3659,4828.570119047619
3660,3920.131503968254
3661,52676.02
3662,1727.64
3663,52454.73866666667
3664,4067.2748333333334
3665,5013.6641666666665
3666,51095.943999999996
3667,7545.4755000000005
3668,13451.276666666665
3669,4757.02
3670,13601.8225
3671,2900.8315000000002
3672,54186.5
3673,58558.22
3674,2299.3266666666664
3675,10399.649333333333
3676,13613.93
3677,2780.1696666666667
3678,8071.861666666667
3679,4453.615
3680,3529.7596071428566
3681,57791.27
3682,57113.25
3683,3709.14
3684,41745.61
3685,49580.495
3686,3790.51
3687,5329.276666666668
3688,58765.69
3689,59104.44338095238
3690,5408.798095238095
3691,7358.2225714285705
3692,8016.475
3693,10709.261833333334
3694,56830.045
3695,6419.73
3696,6320.15
3697,6051.53
3698,69087.96
3699,56211.98733333333
3700,4195.35
3701,16513.973333333335
3702,5521.034833333334
3703,1855.9721666666665
3704,5709.531999999999
3705,6028.288500000001
3706,14429.933333333334
3707,7745.197000000001
3708,4377.65
3709,10527.51
3710,51407.58
3711,57180.965
3712,54453.99
3713,15505.71
3714,2417.9425
3715,7137.1
3716,7019.265
3717,7122.5105
3718,6185.734833333333
3719,6008.9
3720,24931.84
3721,4787.36
3722,5919.48
3723,6029.0
3724,5847.826666666668
3725,57914.8025
3726,50655.08
3727,5407.24
3728,58687.77666666667
3729,13737.768714285714
3730,5985.76
3731,8773.971333333331
3732,2606.73
3733,4356.79
3734,6417.633333333332
3735,52613.837
3736,2621.347583333333
3737,6591.9975
3738,6739.71
3739,5933.775
3740,51684.08
3741,46666.47
3742,6459.63
3743,5904.791333333333
3744,23666.01333333333
3745,43051.3
3746,12490.115
3747,66269.50249999999
3748,9531.49
3749,9076.320357142855
3750,5843.05
3751,5208.150333333333
3752,36575.47
3753,11059.497833333335
3754,58941.365999999995
3755,5175.3575
3756,32500.381666666664
3757,5742.72
3758,7139.4
3759,5194.966666666667
3760,9431.89
3761,6200.8725
3762,3741.50619047619
3763,54601.69666666667
3764,53028.835
3765,3265.505
3766,4032.14
3767,2963.89
3768,55599.73
3769,58216.645
3770,5010.46
3771,8026.58
3772,3453.3510000000006
3773,8544.9
3774,7739.65
3775,6893.8043333333335
3776,7567.944
3777,6733.770333333333
3778,4374.14
3779,4760.19
3780,43400.35
3781,4696.230833333332
3782,12892.784
3783,50026.56
3784,9009.04
3785,13532.38
3786,46073.37666666666
3787,52917.76
3788,46351.468
3789,13640.35
3790,2547.5685238095243
3791,5983.230333333333
3792,59938.27
3793,10279.317142857142
3794,51172.515
3795,5689.1
3796,5011.4
3797,13997.49
3798,47880.88
3799,23724.44
3800,4284.53
3801,6308.81
3802,13286.405
3803,30649.84
3804,8343.398333333333
3805,7144.2
3806,6839.55
3807,6585.665
3808,7772.31
3809,6574.49
3810,45057.23066666666
3811,57461.48
3812,58413.31961904762
3813,53120.675
3814,13214.41
3815,5738.292666666666
3816,2761.7201666666674
3817,62625.065
3818,51581.61
3819,2784.45
3820,5857.303333333333
3821,8396.62
3822,49399.14266666666
3823,2734.96
3824,31474.015333333333
3825,6118.5260119047625
3826,52521.601309523816
3827,51758.31199999999
3828,6936.292166666667
3829,11477.25
3830,10873.55
3831,8680.823904761904
3832,6234.12
3833,5893.186666666667
3834,5257.68
3835,36400.727999999996
3836,4287.8525
3837,37941.62
3838,49253.51333333333
3839,6766.583333333334
3840,3755.265166666667
3841,49085.29
3842,64688.159833333346
3843,5493.48
3844,30554.14
3845,51362.53
3846,6284.54
3847,53187.47
3848,5676.52
3849,6967.888333333332
3850,4031.34
3851,3311.48
3852,6358.464666666667
3853,48593.52
3854,4854.908952380952
3855,5165.938071428571
3856,59850.117999999995
3857,6522.13
3858,6074.88
3859,12109.09
3860,4578.3876666666665
3861,9674.422857142858
3862,2988.103333333333
3863,53614.55
3864,3418.81
3865,46525.01666666667
3866,26597.323333333334
3867,7658.71
3868,4696.230833333332
3869,16767.68
3870,3021.435
3871,45401.37
3872,4377.27
3873,6557.662666666667
3874,29528.23
3875,10800.374666666665
3876,5946.579166666666
3877,6515.61
3878,6535.786309523808
3879,12294.215238095238
3880,46997.82916666666
3881,9483.34
3882,6051.360166666666
3883,6552.31
3884,6702.53
3885,54459.75
3886,5534.08
3887,24044.18
3888,13620.7
3889,2388.41
3890,5028.135833333333
3891,6917.326
3892,5440.5
3893,6824.84
3894,10358.5075
3895,44528.47
3896,3757.69
3897,5062.205
3898,2465.43
3899,4457.145333333333
3900,7533.37
3901,9951.423
3902,4778.846428571428
3903,54944.62
3904,55035.285
3905,49100.37
3906,4149.493333333333
3907,51977.74
3908,62506.74
3909,57593.525
3910,6477.615000000002
3911,4332.1075
3912,3368.73494047619
3913,5210.39
3914,5101.99
3915,17461.03
3916,6746.98
3917,7115.33
3918,49266.47
3919,14745.02
3920,55583.95
3921,69834.28414285713
3922,30803.51
3923,4372.5625
3924,7288.401999999999
3925,57643.17
3926,3920.131503968254
3927,2779.7
3928,9664.63
3929,7973.02
3930,3846.429333333334
3931,4612.321666666667
3932,5978.706
3933,4520.206666666667
3934,5076.06
3935,4261.308333333333
3936,4014.38
3937,4879.647
3938,4868.9153333333325
3939,5872.92
3940,5932.64
3941,4451.648
3942,5283.83
3943,55230.5
3944,56895.9025
3945,2811.86
3946,12137.695
3947,6727.673333333332
3948,64489.31166666667
3949,4588.85
3950,6370.187666666666
3951,5399.073
3952,4092.941285714286
3953,8590.1
3954,5374.0
3955,1758.8229999999999
3956,43181.22
3957,12915.87
3958,5356.576
3959,10231.57
3960,5265.55
3961,45552.43
3962,5682.938333333333
3963,5413.07
3964,58910.4775
3965,5600.7865
3966,4604.6125
3967,13204.31
3968,4778.736666666667
3969,7022.86
3970,49832.24866666666
3971,2942.6675
3972,8402.355666666668
3973,5115.459202380952
3974,5471.81
3975,6643.833333333334
3976,46368.11
3977,52083.925
3978,56003.305
3979,6874.655333333334
3980,57746.695
3981,53006.91
3982,11388.986666666668
3983,50177.2
3984,4385.66
3985,5089.23
3986,41065.9
3987,56927.32
3988,8080.166666666666
3989,27794.79
3990,6323.85
3991,5499.443666666666
3992,3655.52
3993,5475.589333333333
3994,3519.64
3995,5811.13
3996,2546.236
3997,65588.6825
3998,7980.78
3999,7344.4
4000,54993.01
4001,47196.61566666667
4002,65662.49333333333
4003,5146.67
4004,6159.36
4005,3989.87
4006,4061.69
4007,13087.395999999999
4008,9229.45
4009,4360.086666666666
4010,6200.67
4011,4817.795999999999
4012,65710.37
4013,5202.72
4014,53898.51
4015,11695.305
4016,5566.261333333333
4017,5080.98
4018,31459.055
4019,5288.53
4020,61210.1
4021,4810.295
4022,57072.99
4023,6219.68
4024,5998.316071428571
4025,75069.65
4026,9423.68
4027,6361.441
4028,57050.47833333333
4029,42938.38916666666
4030,55412.95
4031,12566.54
4032,64513.76
4033,3052.4464999999996
4034,3618.4
4035,48230.328
4036,2720.75
4037,13621.15
4038,52796.541952380954
4039,6448.37
4040,5038.69
4041,6188.7575
4042,5188.022166666667
4043,4024.48
4044,15375.791333333333
4045,5493.746666666666
4046,7704.4385
4047,4295.890583333332
4048,5783.77
4049,4392.421666666667
4050,4613.303333333333
4051,21985.12
4052,63583.265095238115
4053,47093.75
4054,6091.083333333334
4055,11095.7575
4056,5634.972904761905
4057,2648.68
4058,5022.838809523809
4059,46713.70416666666
4060,6871.1
4061,5264.39
4062,67302.955
4063,5266.118
4064,5644.83
4065,50641.48
4066,9773.095
4067,2437.09
4068,5626.060833333333
4069,3700.7866666666664
4070,11105.21
4071,57634.09950000001
4072,63946.48949999998
4073,2787.346547619047
4074,4612.245
4075,12246.41
4076,10625.93
4077,11288.81
4078,54289.19
4079,2804.0431666666664
4080,5327.9
4081,11527.86
4082,13510.6575
4083,2547.01
4084,4918.573333333334
4085,59541.97666666666
4086,4340.75
4087,11615.358444444446
4088,5783.920666666668
4089,87255.35666666666
4090,6151.416666666666
4091,9864.045
4092,6618.276666666667
4093,7467.48
4094,5432.873333333333
4095,4347.02
4096,49554.904
4097,5332.02
4098,61719.826333333316
4099,46229.375
4100,58765.795
4101,2508.89
4102,2600.44
4103,6909.91
4104,8757.91
4105,54877.54433333334
4106,65104.552
4107,14016.175
4108,9295.635
4109,44812.37
4110,5433.323333333334
4111,65577.23
4112,5511.958857142858
4113,6103.5
4114,13947.635833333332
4115,4371.243333333333
4116,6015.926666666667
4117,56206.91
4118,11172.84
4119,40577.98
4120,5227.6425
4121,56921.03
4122,15288.71
4123,49444.774404761905
4124,5055.36
4125,3412.98
4126,5284.196666666667
4127,51578.025
4128,4459.19
4129,15958.93
4130,54618.726833333334
4131,7823.125
4132,59170.11516666666
4133,55326.184
4134,46001.9
4135,6339.51
4136,3121.51
4137,57106.47
4138,52660.63
4139,2544.44
4140,57414.54999999999
4141,4893.1905
4142,9856.739000000001
4143,51049.24
4144,5489.36
4145,10951.84
4146,11934.7125
4147,4665.64
4148,7278.74
4149,5063.57
4150,5472.218333333334
4151,4852.422666666666
4152,51330.74
4153,6586.930333333334
4154,2392.393333333333
4155,2169.42
4156,9007.022666666666
4157,5901.795
4158,4159.87
4159,9202.68
4160,10164.36
4161,7258.973333333332
4162,4973.49
4163,65371.02833333333
4164,12390.02
4165,6595.145
4166,51453.195
4167,2691.327166666667
4168,5218.48
4169,2420.41
4170,13109.766000000001
4171,4970.16
4172,59673.775
4173,11219.663999999999
4174,5656.287380952381
4175,4624.62
4176,61373.54
4177,51553.176666666666
4178,6410.33
4179,3209.4840000000004
4180,11214.29
4181,50421.18
4182,49616.086190476184
4183,7212.5666666666675
4184,46689.845
4185,57133.50916666665
4186,2591.3890833333335
4187,12548.56
4188,4784.57
4189,5014.6
4190,47348.15
4191,58059.181500000006
4192,3826.67
4193,53127.28
4194,58967.97219047619
4195,51926.29233333333
4196,4113.39
4197,9012.143333333333
4198,2897.96
4199,51396.383499999996
4200,2909.39
4201,52813.88600000001
4202,21960.153142857147
4203,7480.08
4204,5550.92
4205,5723.605
4206,5599.847
4207,34161.738666666664
4208,4714.656666666666
4209,9276.755
4210,26161.612
4211,4788.93875
4212,5078.05
4213,8070.21
4214,5388.054
4215,6732.83
4216,48524.64599999999
4217,10921.87
4218,5895.41
4219,6485.376666666666
4220,12795.55
4221,6516.285
4222,5514.3
4223,50977.414761904765
4224,8071.85
4225,5677.7775
4226,51792.9
4227,55898.54
4228,2835.76
4229,47723.88
4230,4739.998333333333
4231,76456.978
4232,4815.2
4233,4658.3492857142855
4234,15732.11
4235,53260.38
4236,6153.6833333333325
4237,10224.83
4238,5651.47
4239,43296.23
4240,9202.838166666666
4241,11275.37
4242,3585.6943333333334
4243,3976.14
4244,6118.613333333333
4245,4160.492738095238
4246,3510.5758333333333
4247,6180.36
4248,6999.85
4249,2796.82
4250,56936.885
4251,10629.08
4252,7329.51
4253,1886.2503333333332
4254,46393.745
4255,2632.98
4256,5795.62
4257,6114.721
4258,4857.88
4259,51886.645
4260,54953.62666666667
4261,3399.8157142857144
4262,4375.15
4263,43182.17
4264,3406.369
4265,5418.61
4266,6574.49
4267,52808.79
4268,48616.50166666667
4269,82500.34466666667
4270,12308.887333333334
4271,23724.65
4272,4965.853380952381
4273,2879.4813809523807
4274,5434.004357142858
4275,8407.96
4276,5472.7725
4277,2301.6045
4278,11455.753
4279,49321.407999999996
4280,4873.959666666667
4281,6179.840833333334
4282,5169.92
4283,10268.942333333334
4284,54822.24333333333
4285,5575.53
4286,1505.76
4287,7422.41
4288,48145.81
4289,70284.27016666667
4290,17007.541666666668
4291,10727.44
4292,5283.693333333334
4293,32807.75416666667
4294,5314.246666666668
4295,6814.153333333334
4296,48899.11466666667
4297,18954.15
4298,51630.14914285714
4299,56655.429369047604
4300,55981.351
4301,79290.66
4302,5872.545055555554
4303,17915.29
4304,56469.84
4305,6445.09
4306,73302.09333333332
4307,5215.05
4308,5327.663714285714
4309,51376.3025
4310,47834.806
4311,66871.79
4312,29162.28
4313,48174.29
4314,4963.1
4315,55322.39
4316,6290.221333333333
4317,49958.37333333333
4318,51494.88
4319,4690.3937380952375
4320,4243.073666666667
4321,7301.002916666667
4322,18918.385
4323,10358.14
4324,54024.1
4325,5750.45
4326,4825.588333333333
4327,6407.656666666668
4328,51629.49666666666
4329,60929.20071428572
4330,5608.770857142856
4331,7427.02
4332,5929.016666666667
4333,55385.189000000006
4334,6224.14
4335,3582.24
4336,74432.84
4337,4152.56
4338,2521.4271666666664
4339,52905.06
4340,5393.675
4341,45549.69142857143
4342,4140.373142857143
4343,73022.69083333333
4344,62490.995
4345,5574.7475
4346,6263.78
4347,7172.95
4348,2779.564166666667
4349,12273.086214285715
4350,57447.126833333336
4351,5754.13
4352,5308.236
4353,58516.32833333334
4354,4367.679238095237
4355,5801.036666666666
4356,40795.18
4357,46656.94
4358,4939.45
4359,12198.706166666667
4360,4737.4475
4361,49192.83
4362,46246.48
4363,5001.79
4364,50854.60333333334
4365,62186.68600000001
4366,52463.04
4367,36475.24
4368,5187.216666666666
4369,49386.06
4370,1759.02
4371,6609.63
4372,63870.73333333334
4373,8239.037999999999
4374,4611.843214285715
4375,58929.819500000005
4376,5028.83
4377,10448.436
4378,39861.89833333333
4379,71308.3
4380,3683.402666666667
4381,50723.82
4382,8862.69
4383,1691.64
4384,63038.94166666667
4385,6534.093000000001
4386,4858.245
4387,3902.68
4388,4827.590833333333
4389,4318.68
4390,11652.152
4391,6375.71
4392,6845.065
4393,6064.206666666666
4394,7706.253833333334
4395,6318.46
4396,54862.39104761903
4397,50800.71
4398,41890.49
4399,55223.835
4400,6032.114166666666
4401,18102.55
4402,72192.63666666667
4403,5580.292333333334
4404,7160.97
4405,1788.15
4406,61321.185
4407,59633.32333333334
4408,6397.151666666667
4409,4480.7575
4410,4273.54
4411,5954.015833333333
4412,4652.31
4413,43860.5
4414,5343.47
4415,5102.04
4416,8784.66
4417,47502.27333333333
4418,6945.223333333333
4419,55785.63
4420,60670.02333333333
4421,4844.596666666666
4422,62116.74
4423,5126.585
4424,5011.4
4425,4607.87
4426,53214.8975
4427,3338.966142857143
4428,5722.61
4429,5097.466666666667
4430,57301.75
4431,11421.37
4432,12075.785
4433,6837.46
4434,53697.845
4435,26161.612
4436,3198.728833333333
4437,2570.0600000000004
4438,5020.74
4439,5114.41
4440,8650.128333333334
4441,4859.154857142857
4442,12193.20119047619
4443,16296.35
4444,3185.0696666666668
4445,52172.78
4446,3632.0014285714283
4447,11180.32
4448,5535.246666666668
4449,3376.9076666666665
4450,49830.48
4451,4132.07
4452,8523.245
4453,5802.5675
4454,8803.565
4455,6552.6995
4456,2336.9
4457,4694.544
4458,47020.63
4459,11209.54
4460,6605.98
4461,14132.061666666665
4462,4630.88
4463,6711.8169761904755
4464,7155.191999999999
4465,5132.01
4466,10256.005
4467,58574.125
4468,31396.798666666662
4469,9202.68
4470,2523.5575
4471,49805.948
4472,7994.55
4473,4818.23
4474,6423.425
4475,63719.5375
4476,12212.24
4477,60854.48833333334
4478,5574.7475
4479,2934.16
4480,4992.83
4481,53646.52
4482,4554.92
4483,4433.82
4484,36962.005
4485,54578.91
4486,3038.1766666666667
4487,13678.831333333334
4488,2796.82
4489,5944.32
4490,54683.93333333334
4491,45753.2675
4492,54834.387833333334
4493,7499.655785714285
4494,48972.32
4495,6427.1433333333325
4496,52745.218
4497,71313.15333333334
4498,21602.53847619048
4499,53452.19
4500,48015.765
4501,12862.941833333334
4502,6266.63
4503,7972.38
4504,4877.83
4505,13295.29
4506,51814.61
4507,5625.49
4508,5510.974166666668
4509,58803.55966666667
4510,48157.63
4511,5068.266666666666
4512,4042.92
4513,6850.96
4514,5435.48
4515,28169.88088888889
4516,5033.89
4517,61989.941833333316
4518,5867.21
4519,6322.14
4520,5038.326666666667
4521,15066.822333333332
4522,6752.766666666666
4523,4308.06
4524,11806.89
4525,6596.9225
4526,10385.886547619048
4527,6563.460999999999
4528,13099.794500000002
4529,4555.193
4530,2201.51
4531,3352.395
4532,9719.485999999999
4533,49899.90583333333
4534,6067.96
4535,45400.04
4536,57354.05433333333
4537,4514.12
4538,5382.3215
4539,6162.75
4540,5485.2
4541,9088.194166666666
4542,12804.53
4543,52946.01
4544,31356.8
4545,6340.157333333334
4546,55145.1775
4547,55073.505
4548,55517.46666666667
4549,4635.97
4550,5172.58
4551,5736.25
4552,5610.28
4553,10115.165
4554,33173.78966666667
4555,7869.5
4556,51156.43
4557,18524.59
4558,11841.89
4559,52445.9
4560,61074.020333333334
4561,6956.09
4562,5321.753333333334
4563,6236.02
4564,6002.085
4565,45351.40083333334
4566,5645.093333333332
4567,11486.705
4568,5452.99
4569,4029.11
4570,3418.8662857142863
4571,6271.078999999999
4572,5622.62
4573,7433.43
4574,3864.91
4575,5826.906761904763
4576,6705.91
4577,7223.793333333332
4578,6501.1563333333315
4579,1592.615
4580,7719.67
4581,4687.878333333334
4582,56687.943
4583,2995.7653333333333
4584,46740.49666666667
4585,3969.893
4586,1704.8454999999997
4587,11184.43
4588,57527.86017857143
4589,4646.31
4590,51120.11
4591,12537.31
4592,13088.194833333337
4593,2751.5705
4594,34961.97
4595,3310.5725
4596,5464.45
4597,6469.01
4598,4633.71
4599,3190.2583333333337
4600,5862.57
4601,50482.13416666667
4602,11790.92
4603,58152.34
4604,4605.17
4605,48436.48
4606,6065.53
4607,4852.9355000000005
4608,8410.701666666668
4609,5595.130357142858
4610,4931.216666666666
4611,51884.12
4612,72303.88
4613,3837.1675
4614,2118.56
4615,57705.97
4616,2630.236333333333
4617,4005.59
4618,4059.08
4619,40882.575
4620,3259.085
4621,10839.37
4622,3338.27
4623,2472.9675
4624,8325.796
4625,10489.746333333333
4626,11113.41
4627,27363.398666666668
4628,3437.445
4629,5218.029166666666
4630,11652.152
4631,4813.2
4632,8268.0425
4633,68620.95
4634,75080.79
4635,6606.296666666667
4636,58102.5875
4637,10896.85876190476
4638,11522.253
4639,49244.92
4640,2598.8256666666666
4641,6901.85
4642,5189.143904761904
4643,51805.98166666666
4644,11154.39
4645,9068.079999999998
4646,8037.1
4647,45898.18
4648,3214.774476190476
4649,55130.28
4650,54271.482
4651,11115.63
4652,5153.952666666667
4653,11350.403333333335
4654,47903.2
4655,13300.075
4656,65588.6825
4657,70130.60733333335
4658,11718.577928571427
4659,7398.295833333334
4660,60921.8
4661,4284.48
4662,60401.86866666667
4663,10131.92
4664,57836.55
4665,65967.44333333333
4666,5354.234833333334
4667,8628.06
4668,12779.41
4669,5424.463333333334
4670,9022.23
4671,60980.38
4672,13343.155
4673,53862.14142857143
4674,4567.9475
4675,51608.00238095238
4676,3537.9735000000005
4677,52680.04
4678,41475.3
4679,84370.94833333332
4680,5055.216000000001
4681,4243.325
4682,24152.51
4683,16134.982
4684,64011.77
4685,52414.9
4686,5543.3265
4687,52849.345
4688,6386.56
4689,60612.95
4690,9034.94
4691,10347.84
4692,3916.9285
4693,55179.24666666667
4694,5668.78
4695,56299.04
4696,6723.915
4697,52301.31
4698,22462.96
4699,28871.905428571426
4700,57507.27
4701,7472.26
4702,5778.92
4703,4915.9383333333335
4704,11268.95
4705,8442.44
4706,5452.98
4707,5147.47
4708,3920.86
4709,47713.1
4710,2284.39
4711,3400.038166666667
4712,6007.604
4713,13320.608999999999
4714,5892.466666666667
4715,54931.318
4716,6260.637333333334
4717,4867.505833333334
4718,27362.39
4719,30780.499
4720,58914.77166666667
4721,49212.63
4722,13679.124166666668
4723,30860.47880952381
4724,39305.51
4725,6870.8
4726,6199.02
4727,5552.04
4728,48515.08933333334
4729,7721.73
4730,48700.64
4731,5731.127
4732,58755.621166666664
4733,52340.95
4734,6200.9125
4735,48325.62333333333
4736,5173.785
4737,6065.856666666667
4738,44791.72
4739,5774.555999999999
4740,6258.871666666666
4741,68922.93
4742,3528.9
4743,3122.28
4744,4049.53
4745,8994.63
4746,6775.705
4747,40930.76
4748,48360.825
4749,48101.82466666666
4750,11075.43
4751,57219.673119047635
4752,5560.7
4753,6725.408666666666
4754,60519.209500000004
4755,10222.153333333332
4756,3769.41
4757,7390.96
4758,6362.886666666666
4759,2460.94
4760,59351.04
4761,5271.81
4762,54013.676666666666
4763,8701.61
4764,5575.53
4765,10310.108
4766,52140.13
4767,56109.53266666667
4768,56828.27
4769,7910.73
4770,19932.101428571426
4771,4464.65
4772,3425.985
4773,10838.673333333334
4774,65255.081333333335
4775,5643.761166666667
4776,4864.93
4777,53321.55
4778,58326.34166666668
4779,57800.23833333334
4780,6167.329833333334
4781,48872.15
4782,5440.97
4783,49349.46
4784,44132.905
4785,28265.043111111107
4786,5188.953071428571
4787,6080.96
4788,53797.08
4789,4962.245
4790,43510.1
4791,50675.91
4792,7178.81
4793,51123.82
4794,4484.6095
4795,76470.80333333333
4796,26424.86
4797,50465.937000000005
4798,9431.01
4799,5222.11
4800,5071.93
4801,3929.5159999999996
4802,5388.465
4803,5016.753
4804,4828.966833333334
4805,38542.64666666667
4806,6215.471333333333
4807,4011.34
4808,3754.651
4809,2389.016666666667
4810,5739.314333333334
4811,12261.54
4812,58004.5065
4813,5884.276666666667
4814,3325.201079365079
4815,11642.83
4816,7716.055285714287
4817,2751.4083095238097
4818,4172.91
4819,3785.3059999999996
4820,2901.04
4821,47767.55
4822,54590.748833333346
4823,4677.55
4824,15990.045
4825,8787.29
4826,48422.33
4827,6739.92
4828,6328.953071428571
4829,5525.62
4830,5378.940833333334
4831,7539.69
4832,4885.22
4833,45195.17
4834,5594.0
4835,8511.7
4836,23277.7
4837,50201.72
4838,5062.425
4839,6207.13
4840,59347.04
4841,55964.11
4842,5834.226666666667
4843,52045.985
4844,19319.14
4845,60347.29
4846,5825.11
4847,3853.527
4848,5559.5975
4849,57967.19149999999
4850,2448.75
4851,3049.075
4852,8764.34
4853,11593.273095238095
4854,17000.53
4855,4729.053333333333
4856,4872.02
4857,6697.632999999999
4858,6650.557
4859,5598.089666666667
4860,50089.85
4861,4743.956166666667
4862,7237.335666666667
4863,9832.244166666665
4864,45740.91
4865,5736.807666666666
4866,5044.3325
4867,3884.28
4868,4513.98
4869,6204.377380952381
4870,5962.4
4871,56433.982
4872,5735.3535
4873,12691.690000000002
4874,56252.44
4875,63734.92666666666
4876,6473.67
4877,5591.005
4878,3123.86
4879,50190.13
4880,9237.83
4881,17298.81
4882,51241.91
4883,13265.44
4884,60552.82
4885,57644.22
4886,3339.98
4887,2706.48
4888,7356.9875
4889,4024.48
4890,1631.875
4891,44194.09
4892,4545.533333333334
4893,12469.3955
4894,6216.06
4895,4662.315
4896,4975.8133333333335
4897,13030.55
4898,2896.648333333333
4899,48917.23333333333
4900,6398.686666666667
4901,4988.3125
4902,10721.43
4903,5991.394761904761
4904,31366.21
4905,5401.665
4906,74023.74833333334
4907,4415.606166666667
4908,58431.62
4909,2125.72
4910,4793.376047619047
4911,7048.56
4912,6259.31
4913,8670.543333333333
4914,5948.34
4915,59034.94
4916,4252.13
4917,47713.71
4918,47396.34
4919,4913.68
4920,2409.3916666666664
4921,58033.77
4922,5789.33
4923,59732.32
4924,6182.665
4925,5184.03
4926,38838.66
4927,9834.56
4928,5057.8741666666665
4929,6260.56
4930,48153.2925
4931,46864.46
4932,4825.9400000000005
4933,3978.39
4934,12904.535
4935,9003.62
4936,4814.803666666667
4937,4219.690285714286
4938,4985.68
4939,43538.74333333334
4940,6582.603
4941,4193.82
4942,6803.885
4943,6304.434
4944,49391.168
4945,61174.69083333333
4946,6267.93
4947,31679.9
4948,4716.63
4949,5411.356666666667
4950,5658.37
4951,51547.21333333333
4952,5379.3
4953,49366.966499999995
4954,2492.23
4955,6007.863333333334
4956,5818.059499999999
4957,4282.200000000001
4958,6600.342000000001
4959,9877.694
4960,5799.809166666666
4961,4604.115
4962,10929.298999999999
4963,6848.053333333332
4964,11883.573333333336
4965,6439.35
4966,55368.59166666667
4967,61655.29
4968,1871.398333333333
4969,2867.3983333333335
4970,12772.07
4971,5957.78
4972,5506.63
4973,14951.29
4974,6945.11
4975,4774.743333333333
4976,56692.58666666667
4977,6489.4141666666665
4978,3302.59
4979,5330.803333333332
4980,52073.84
4981,4362.923047619048
4982,4049.74
4983,12401.89
4984,3047.022333333334
4985,5731.107833333334
4986,6140.6
4987,2565.302071428571
4988,6556.456666666666
4989,49014.24333333334
4990,33027.58
4991,18474.91
4992,52613.244000000006
4993,6351.710666666668
4994,13833.97
4995,5516.76
4996,53487.63266666667
4997,4423.0
4998,44570.5
4999,46452.972166666674
5000,65118.148
